M1_VM_ISOLATION={"interfaces": ["lo"], "route": "", "kernel": "Linux version 6.8.0-138-generic (buildd@lcy02-amd64-023) (x86_64-linux-gnu-gcc-13 (Ubuntu 13.3.0-6ubuntu2~24.04.1) 13.3.0, GNU ld (GNU Binutils for Ubuntu) 2.42) #138-Ubuntu SMP PREEMPT_DYNAMIC Fri Jul 31 22:41:49 UTC 2026\n", "uid_map": "         0          0 4294967295\n", "initial_environment_keys": ["LANG", "LC_ALL", "PATH"]}
TAP version 13
# Subtest: M1-04B: 80 PostgreSQL acceptance scenarios, isolated synthetic data only
    # Subtest: DB-B02: missing dependencies and wrong order roll back without B authority
    ok 1 - DB-B02: missing dependencies and wrong order roll back without B authority
      ---
      duration_ms: 234.70134
      type: 'test'
      ...
    # Subtest: DB-B03: each installation prefix is closed and adopts no business row
    ok 2 - DB-B03: each installation prefix is closed and adopts no business row
      ---
      duration_ms: 1460.58143
      type: 'test'
      ...
    # Subtest: DB-B01: complete ordered installation has validated PostgreSQL catalogs
    ok 3 - DB-B01: complete ordered installation has validated PostgreSQL catalogs
      ---
      duration_ms: 199.52043
      type: 'test'
      ...
    # Subtest: DB-B04: owner role, memberships, fixed search paths and closed definer functions
    ok 4 - DB-B04: owner role, memberships, fixed search paths and closed definer functions
      ---
      duration_ms: 1305.92715
      type: 'test'
      ...
    # Subtest: DB-B05: real API roles have no direct table access and FORCE RLS remains enabled
    ok 5 - DB-B05: real API roles have no direct table access and FORCE RLS remains enabled
      ---
      duration_ms: 710.16022
      type: 'test'
      ...
    # Subtest: DB-B06: runtime rows, gate, JWT/header/GUC never constitute technical adoption
    ok 6 - DB-B06: runtime rows, gate, JWT/header/GUC never constitute technical adoption
      ---
      duration_ms: 524.16752
      type: 'test'
      ...
    # Subtest: DB-B07: adoption requires durable Assignment and exact B gate, preserves baseline evidence
    not ok 7 - DB-B07: adoption requires durable Assignment and exact B gate, preserves baseline evidence
      ---
      duration_ms: 463.10965
      type: 'test'
      location: '/tmp/crm-m1-9dsvoqqk/tests/m1/contact-runtime.integration.test.mjs:202:35'
      failureType: 'testCodeFailure'
      error: |-
        Expected values to be strictly deep-equal:
        + actual - expected
        ... Skipped lines
        
          [
            {
              band_attempt: 1,
              call_attempt: 1,
              channel: 'call',
        ...
              template_id: null,
        +     updated_at: '2026-09-18T20:06:51.183983+00:00'
        -     updated_at: '2026-09-18T20:06:51.047822+00:00'
            },
            {
              band_attempt: null,
              call_attempt: null,
              channel: 'whatsapp',
        ...
              template_id: null,
        +     updated_at: '2026-09-18T20:06:51.183983+00:00'
        -     updated_at: '2026-09-18T20:06:51.016383+00:00'
            },
            {
              band_attempt: 2,
              call_attempt: 2,
              channel: 'call',
        ...
              template_id: null,
        +     updated_at: '2026-09-18T20:06:51.183983+00:00'
        -     updated_at: '2026-09-18T20:06:51.016383+00:00'
            },
            {
              band_attempt: 1,
              call_attempt: 3,
              channel: 'call',
        ...
              template_id: null,
        +     updated_at: '2026-09-18T20:06:51.183983+00:00'
        -     updated_at: '2026-09-18T20:06:51.016383+00:00'
            },
            {
              band_attempt: 2,
              call_attempt: 4,
              channel: 'call',
        ...
              template_id: null,
        +     updated_at: '2026-09-18T20:06:51.183983+00:00'
        -     updated_at: '2026-09-18T20:06:51.016383+00:00'
            },
            {
              band_attempt: null,
              call_attempt: null,
              channel: 'whatsapp',
        ...
              template_id: null,
        +     updated_at: '2026-09-18T20:06:51.183983+00:00'
        -     updated_at: '2026-09-18T20:06:51.016383+00:00'
            },
            {
              band_attempt: 1,
              call_attempt: 5,
              channel: 'call',
        ...
              template_id: null,
        +     updated_at: '2026-09-18T20:06:51.183983+00:00'
        -     updated_at: '2026-09-18T20:06:51.016383+00:00'
            },
            {
              band_attempt: 2,
              call_attempt: 6,
              channel: 'call',
        ...
              template_id: null,
        +     updated_at: '2026-09-18T20:06:51.183983+00:00'
        -     updated_at: '2026-09-18T20:06:51.016383+00:00'
            },
            {
              band_attempt: 1,
              call_attempt: 7,
              channel: 'call',
        ...
              template_id: null,
        +     updated_at: '2026-09-18T20:06:51.183983+00:00'
        -     updated_at: '2026-09-18T20:06:51.016383+00:00'
            },
            {
              band_attempt: 2,
              call_attempt: 8,
              channel: 'call',
        ...
              template_id: null,
        +     updated_at: '2026-09-18T20:06:51.183983+00:00'
        -     updated_at: '2026-09-18T20:06:51.016383+00:00'
            },
            {
              band_attempt: 1,
              call_attempt: 9,
              channel: 'call',
        ...
              template_id: null,
        +     updated_at: '2026-09-18T20:06:51.183983+00:00'
        -     updated_at: '2026-09-18T20:06:51.016383+00:00'
            },
            {
              band_attempt: 2,
              call_attempt: 10,
              channel: 'call',
        ...
              template_id: null,
        +     updated_at: '2026-09-18T20:06:51.183983+00:00'
        -     updated_at: '2026-09-18T20:06:51.016383+00:00'
            },
            {
              band_attempt: 1,
              call_attempt: 11,
              channel: 'call',
        ...
              template_id: null,
        +     updated_at: '2026-09-18T20:06:51.183983+00:00'
        -     updated_at: '2026-09-18T20:06:51.016383+00:00'
            },
            {
              band_attempt: 2,
              call_attempt: 12,
              channel: 'call',
        ...
              template_id: null,
        +     updated_at: '2026-09-18T20:06:51.183983+00:00'
        -     updated_at: '2026-09-18T20:06:51.016383+00:00'
            },
            {
              band_attempt: 1,
              call_attempt: 13,
              channel: 'call',
        ...
              template_id: null,
        +     updated_at: '2026-09-18T20:06:51.183983+00:00'
        -     updated_at: '2026-09-18T20:06:51.016383+00:00'
            },
            {
              band_attempt: 2,
              call_attempt: 14,
              channel: 'call',
        ...
              template_id: null,
        +     updated_at: '2026-09-18T20:06:51.183983+00:00'
        -     updated_at: '2026-09-18T20:06:51.016383+00:00'
            },
            {
              band_attempt: 1,
              call_attempt: 15,
              channel: 'call',
        ...
              template_id: null,
        +     updated_at: '2026-09-18T20:06:51.183983+00:00'
        -     updated_at: '2026-09-18T20:06:51.016383+00:00'
            },
            {
              band_attempt: 2,
              call_attempt: 16,
              channel: 'call',
        ...
              template_id: null,
        +     updated_at: '2026-09-18T20:06:51.183983+00:00'
        -     updated_at: '2026-09-18T20:06:51.016383+00:00'
            },
            {
              band_attempt: 1,
              call_attempt: 17,
              channel: 'call',
        ...
              template_id: null,
        +     updated_at: '2026-09-18T20:06:51.183983+00:00'
        -     updated_at: '2026-09-18T20:06:51.016383+00:00'
            },
            {
              band_attempt: 2,
              call_attempt: 18,
              channel: 'call',
        ...
              template_id: null,
        +     updated_at: '2026-09-18T20:06:51.183983+00:00'
        -     updated_at: '2026-09-18T20:06:51.016383+00:00'
            }
          ]
        
      code: 'ERR_ASSERTION'
      name: 'AssertionError'
      expected:
        0:
          id: '8a73b172-a26b-4131-a7e6-0ecec3b23988'
          note: ''
          status: 'completed'
          channel: 'call'
          due_end: '2026-09-18T21:06:51.016383+00:00'
          lead_id: 'b5febc5a-a562-4d86-a748-946e1dc68aef'
          outcome: 'no_answer'
          due_start: '2026-09-18T19:56:51.016383+00:00'
          created_at: '2026-09-18T20:06:50.89544+00:00'
          updated_at: '2026-09-18T20:06:51.047822+00:00'
          recorded_at: '2026-09-18T20:04:51.047822+00:00'
          sequence_id: '2b7f88e6-4aee-44ac-87b6-c6e8891eec97'
          template_id: ~
          band_attempt: 1
          call_attempt: 1
          completed_at: '2026-09-18T20:04:51.047822+00:00'
          completed_by: 'b104b000-0000-4000-8000-000000000001'
          message_step: ~
          performed_at: '2026-09-18T20:03:51.047822+00:00'
          protocol_day: 1
          protocol_band: '17-19'
          seller_user_id: 'b104b000-0000-4000-8000-000000000001'
          sequence_order: 1
        1:
          id: '56c9c1ae-c838-48ca-a719-88a5bdcb16ff'
          note: ''
          status: 'scheduled'
          channel: 'whatsapp'
          due_end: '2026-09-18T21:06:51.016383+00:00'
          lead_id: 'b5febc5a-a562-4d86-a748-946e1dc68aef'
          outcome: ''
          due_start: '2026-09-18T19:56:51.016383+00:00'
          created_at: '2026-09-18T20:06:50.89544+00:00'
          updated_at: '2026-09-18T20:06:51.016383+00:00'
          recorded_at: ~
          sequence_id: '2b7f88e6-4aee-44ac-87b6-c6e8891eec97'
          template_id: ~
          band_attempt: ~
          call_attempt: ~
          completed_at: ~
          completed_by: ~
          message_step: 1
          performed_at: ~
          protocol_day: 1
          protocol_band: '17-19'
          seller_user_id: 'b104b000-0000-4000-8000-000000000001'
          sequence_order: 2
        2:
          id: 'ec2d6595-28f5-432b-aae5-d16025eb2405'
          note: ''
          status: 'scheduled'
          channel: 'call'
          due_end: '2026-09-18T21:06:51.016383+00:00'
          lead_id: 'b5febc5a-a562-4d86-a748-946e1dc68aef'
          outcome: ''
          due_start: '2026-09-18T19:56:51.016383+00:00'
          created_at: '2026-09-18T20:06:50.89544+00:00'
          updated_at: '2026-09-18T20:06:51.016383+00:00'
          recorded_at: ~
          sequence_id: '2b7f88e6-4aee-44ac-87b6-c6e8891eec97'
          template_id: ~
          band_attempt: 2
          call_attempt: 2
          completed_at: ~
          completed_by: ~
          message_step: ~
          performed_at: ~
          protocol_day: 1
          protocol_band: '17-19'
          seller_user_id: 'b104b000-0000-4000-8000-000000000001'
          sequence_order: 3
        3:
          id: 'a0b71fa9-6591-47d1-b798-2b82404e2512'
          note: ''
          status: 'scheduled'
          channel: 'call'
          due_end: '2026-09-18T21:06:51.017383+00:00'
          lead_id: 'b5febc5a-a562-4d86-a748-946e1dc68aef'
          outcome: ''
          due_start: '2026-09-18T19:56:52.016383+00:00'
          created_at: '2026-09-18T20:06:50.89544+00:00'
          updated_at: '2026-09-18T20:06:51.016383+00:00'
          recorded_at: ~
          sequence_id: '2b7f88e6-4aee-44ac-87b6-c6e8891eec97'
          template_id: ~
          band_attempt: 1
          call_attempt: 3
          completed_at: ~
          completed_by: ~
          message_step: ~
          performed_at: ~
          protocol_day: 2
          protocol_band: '10-12'
          seller_user_id: 'b104b000-0000-4000-8000-000000000001'
          sequence_order: 4
        4:
          id: 'f7c9de88-25b8-4532-a1dc-531b1d59acb8'
          note: ''
          status: 'scheduled'
          channel: 'call'
          due_end: '2026-09-18T21:06:51.017383+00:00'
          lead_id: 'b5febc5a-a562-4d86-a748-946e1dc68aef'
          outcome: ''
          due_start: '2026-09-18T19:56:52.016383+00:00'
          created_at: '2026-09-18T20:06:50.89544+00:00'
          updated_at: '2026-09-18T20:06:51.016383+00:00'
          recorded_at: ~
          sequence_id: '2b7f88e6-4aee-44ac-87b6-c6e8891eec97'
          template_id: ~
          band_attempt: 2
          call_attempt: 4
          completed_at: ~
          completed_by: ~
          message_step: ~
          performed_at: ~
          protocol_day: 2
          protocol_band: '10-12'
          seller_user_id: 'b104b000-0000-4000-8000-000000000001'
          sequence_order: 5
        5:
          id: '48b52004-5820-4ad4-894c-32a8dec06e1b'
          note: ''
          status: 'scheduled'
          channel: 'whatsapp'
          due_end: '2026-09-18T21:06:51.016383+00:00'
          lead_id: 'b5febc5a-a562-4d86-a748-946e1dc68aef'
          outcome: ''
          due_start: '2026-09-18T19:56:51.016383+00:00'
          created_at: '2026-09-18T20:06:50.89544+00:00'
          updated_at: '2026-09-18T20:06:51.016383+00:00'
          recorded_at: ~
          sequence_id: '2b7f88e6-4aee-44ac-87b6-c6e8891eec97'
          template_id: ~
          band_attempt: ~
          call_attempt: ~
          completed_at: ~
          completed_by: ~
          message_step: 2
          performed_at: ~
          protocol_day: 2
          protocol_band: '10-12'
          seller_user_id: 'b104b000-0000-4000-8000-000000000001'
          sequence_order: 6
        6:
          id: '79154c16-1acd-447b-92e0-f5f49b0099f8'
          note: ''
          status: 'scheduled'
          channel: 'call'
          due_end: '2026-09-18T21:06:51.018383+00:00'
          lead_id: 'b5febc5a-a562-4d86-a748-946e1dc68aef'
          outcome: ''
          due_start: '2026-09-18T19:56:53.016383+00:00'
          created_at: '2026-09-18T20:06:50.89544+00:00'
          updated_at: '2026-09-18T20:06:51.016383+00:00'
          recorded_at: ~
          sequence_id: '2b7f88e6-4aee-44ac-87b6-c6e8891eec97'
          template_id: ~
          band_attempt: 1
          call_attempt: 5
          completed_at: ~
          completed_by: ~
          message_step: ~
          performed_at: ~
          protocol_day: 2
          protocol_band: '14-16'
          seller_user_id: 'b104b000-0000-4000-8000-000000000001'
          sequence_order: 7
        7:
          id: '4b0d77ab-23ef-46c9-8dfd-daebe8e92131'
          note: ''
          status: 'scheduled'
          channel: 'call'
          due_end: '2026-09-18T21:06:51.018383+00:00'
          lead_id: 'b5febc5a-a562-4d86-a748-946e1dc68aef'
          outcome: ''
          due_start: '2026-09-18T19:56:53.016383+00:00'
          created_at: '2026-09-18T20:06:50.89544+00:00'
          updated_at: '2026-09-18T20:06:51.016383+00:00'
          recorded_at: ~
          sequence_id: '2b7f88e6-4aee-44ac-87b6-c6e8891eec97'
          template_id: ~
          band_attempt: 2
          call_attempt: 6
          completed_at: ~
          completed_by: ~
          message_step: ~
          performed_at: ~
          protocol_day: 2
          protocol_band: '14-16'
          seller_user_id: 'b104b000-0000-4000-8000-000000000001'
          sequence_order: 8
        8:
          id: 'e1a9993a-eb34-4858-8f54-cd31c7aa0f5e'
          note: ''
          status: 'scheduled'
          channel: 'call'
          due_end: '2026-09-18T21:06:51.019383+00:00'
          lead_id: 'b5febc5a-a562-4d86-a748-946e1dc68aef'
          outcome: ''
          due_start: '2026-09-18T19:56:54.016383+00:00'
          created_at: '2026-09-18T20:06:50.89544+00:00'
          updated_at: '2026-09-18T20:06:51.016383+00:00'
          recorded_at: ~
          sequence_id: '2b7f88e6-4aee-44ac-87b6-c6e8891eec97'
          template_id: ~
          band_attempt: 1
          call_attempt: 7
          completed_at: ~
          completed_by: ~
          message_step: ~
          performed_at: ~
          protocol_day: 3
          protocol_band: '10-12'
          seller_user_id: 'b104b000-0000-4000-8000-000000000001'
          sequence_order: 9
        9:
          id: 'ba837fbf-c399-4041-b0a1-57a0e14f57cc'
          note: ''
          status: 'scheduled'
          channel: 'call'
          due_end: '2026-09-18T21:06:51.019383+00:00'
          lead_id: 'b5febc5a-a562-4d86-a748-946e1dc68aef'
          outcome: ''
          due_start: '2026-09-18T19:56:54.016383+00:00'
          created_at: '2026-09-18T20:06:50.89544+00:00'
          updated_at: '2026-09-18T20:06:51.016383+00:00'
          recorded_at: ~
          sequence_id: '2b7f88e6-4aee-44ac-87b6-c6e8891eec97'
          template_id: ~
          band_attempt: 2
          call_attempt: 8
          completed_at: ~
          completed_by: ~
          message_step: ~
          performed_at: ~
          protocol_day: 3
          protocol_band: '10-12'
          seller_user_id: 'b104b000-0000-4000-8000-000000000001'
          sequence_order: 10
        10:
          id: 'cfdebfa0-4eb4-419e-bac0-4356b15301f8'
          note: ''
          status: 'scheduled'
          channel: 'call'
          due_end: '2026-09-18T21:06:51.020383+00:00'
          lead_id: 'b5febc5a-a562-4d86-a748-946e1dc68aef'
          outcome: ''
          due_start: '2026-09-18T19:56:55.016383+00:00'
          created_at: '2026-09-18T20:06:50.89544+00:00'
          updated_at: '2026-09-18T20:06:51.016383+00:00'
          recorded_at: ~
          sequence_id: '2b7f88e6-4aee-44ac-87b6-c6e8891eec97'
          template_id: ~
          band_attempt: 1
          call_attempt: 9
          completed_at: ~
          completed_by: ~
          message_step: ~
          performed_at: ~
          protocol_day: 3
          protocol_band: '14-16'
          seller_user_id: 'b104b000-0000-4000-8000-000000000001'
          sequence_order: 11
        11:
          id: 'e47ff10d-7820-4e0a-84be-e1ef2933cc22'
          note: ''
          status: 'scheduled'
          channel: 'call'
          due_end: '2026-09-18T21:06:51.020383+00:00'
          lead_id: 'b5febc5a-a562-4d86-a748-946e1dc68aef'
          outcome: ''
          due_start: '2026-09-18T19:56:55.016383+00:00'
          created_at: '2026-09-18T20:06:50.89544+00:00'
          updated_at: '2026-09-18T20:06:51.016383+00:00'
          recorded_at: ~
          sequence_id: '2b7f88e6-4aee-44ac-87b6-c6e8891eec97'
          template_id: ~
          band_attempt: 2
          call_attempt: 10
          completed_at: ~
          completed_by: ~
          message_step: ~
          performed_at: ~
          protocol_day: 3
          protocol_band: '14-16'
          seller_user_id: 'b104b000-0000-4000-8000-000000000001'
          sequence_order: 12
        12:
          id: '5e3c2c51-e93e-4d1b-97a4-29ea8c7666c5'
          note: ''
          status: 'scheduled'
          channel: 'call'
          due_end: '2026-09-18T21:06:51.021383+00:00'
          lead_id: 'b5febc5a-a562-4d86-a748-946e1dc68aef'
          outcome: ''
          due_start: '2026-09-18T19:56:56.016383+00:00'
          created_at: '2026-09-18T20:06:50.89544+00:00'
          updated_at: '2026-09-18T20:06:51.016383+00:00'
          recorded_at: ~
          sequence_id: '2b7f88e6-4aee-44ac-87b6-c6e8891eec97'
          template_id: ~
          band_attempt: 1
          call_attempt: 11
          completed_at: ~
          completed_by: ~
          message_step: ~
          performed_at: ~
          protocol_day: 3
          protocol_band: '17-19'
          seller_user_id: 'b104b000-0000-4000-8000-000000000001'
          sequence_order: 13
        13:
          id: '9abfe5fb-9b0a-454d-8932-31a08932a594'
          note: ''
          status: 'scheduled'
          channel: 'call'
          due_end: '2026-09-18T21:06:51.021383+00:00'
          lead_id: 'b5febc5a-a562-4d86-a748-946e1dc68aef'
          outcome: ''
          due_start: '2026-09-18T19:56:56.016383+00:00'
          created_at: '2026-09-18T20:06:50.89544+00:00'
          updated_at: '2026-09-18T20:06:51.016383+00:00'
          recorded_at: ~
          sequence_id: '2b7f88e6-4aee-44ac-87b6-c6e8891eec97'
          template_id: ~
          band_attempt: 2
          call_attempt: 12
          completed_at: ~
          completed_by: ~
          message_step: ~
          performed_at: ~
          protocol_day: 3
          protocol_band: '17-19'
          seller_user_id: 'b104b000-0000-4000-8000-000000000001'
          sequence_order: 14
        14:
          id: 'cea58b46-600d-44c4-9e28-8b246b09e2fb'
          note: ''
          status: 'scheduled'
          channel: 'call'
          due_end: '2026-09-18T21:06:51.022383+00:00'
          lead_id: 'b5febc5a-a562-4d86-a748-946e1dc68aef'
          outcome: ''
          due_start: '2026-09-18T19:56:57.016383+00:00'
          created_at: '2026-09-18T20:06:50.89544+00:00'
          updated_at: '2026-09-18T20:06:51.016383+00:00'
          recorded_at: ~
          sequence_id: '2b7f88e6-4aee-44ac-87b6-c6e8891eec97'
          template_id: ~
          band_attempt: 1
          call_attempt: 13
          completed_at: ~
          completed_by: ~
          message_step: ~
          performed_at: ~
          protocol_day: 4
          protocol_band: '10-12'
          seller_user_id: 'b104b000-0000-4000-8000-000000000001'
          sequence_order: 15
        15:
          id: '86f5a290-68c5-4ff1-95c8-dc47752cef0d'
          note: ''
          status: 'scheduled'
          channel: 'call'
          due_end: '2026-09-18T21:06:51.022383+00:00'
          lead_id: 'b5febc5a-a562-4d86-a748-946e1dc68aef'
          outcome: ''
          due_start: '2026-09-18T19:56:57.016383+00:00'
          created_at: '2026-09-18T20:06:50.89544+00:00'
          updated_at: '2026-09-18T20:06:51.016383+00:00'
          recorded_at: ~
          sequence_id: '2b7f88e6-4aee-44ac-87b6-c6e8891eec97'
          template_id: ~
          band_attempt: 2
          call_attempt: 14
          completed_at: ~
          completed_by: ~
          message_step: ~
          performed_at: ~
          protocol_day: 4
          protocol_band: '10-12'
          seller_user_id: 'b104b000-0000-4000-8000-000000000001'
          sequence_order: 16
        16:
          id: '71eab779-a8c8-41b6-8642-003fae8ec697'
          note: ''
          status: 'scheduled'
          channel: 'call'
          due_end: '2026-09-18T21:06:51.023383+00:00'
          lead_id: 'b5febc5a-a562-4d86-a748-946e1dc68aef'
          outcome: ''
          due_start: '2026-09-18T19:56:58.016383+00:00'
          created_at: '2026-09-18T20:06:50.89544+00:00'
          updated_at: '2026-09-18T20:06:51.016383+00:00'
          recorded_at: ~
          sequence_id: '2b7f88e6-4aee-44ac-87b6-c6e8891eec97'
          template_id: ~
          band_attempt: 1
          call_attempt: 15
          completed_at: ~
          completed_by: ~
          message_step: ~
          performed_at: ~
          protocol_day: 4
          protocol_band: '14-16'
          seller_user_id: 'b104b000-0000-4000-8000-000000000001'
          sequence_order: 17
        17:
          id: '45bccc27-b8e9-41c7-b5fe-bf86fa665d94'
          note: ''
          status: 'scheduled'
          channel: 'call'
          due_end: '2026-09-18T21:06:51.023383+00:00'
          lead_id: 'b5febc5a-a562-4d86-a748-946e1dc68aef'
          outcome: ''
          due_start: '2026-09-18T19:56:58.016383+00:00'
          created_at: '2026-09-18T20:06:50.89544+00:00'
          updated_at: '2026-09-18T20:06:51.016383+00:00'
          recorded_at: ~
          sequence_id: '2b7f88e6-4aee-44ac-87b6-c6e8891eec97'
          template_id: ~
          band_attempt: 2
          call_attempt: 16
          completed_at: ~
          completed_by: ~
          message_step: ~
          performed_at: ~
          protocol_day: 4
          protocol_band: '14-16'
          seller_user_id: 'b104b000-0000-4000-8000-000000000001'
          sequence_order: 18
        18:
          id: '347a2e47-b35d-4111-9d20-08942646a606'
          note: ''
          status: 'scheduled'
          channel: 'call'
          due_end: '2026-09-18T21:06:51.024383+00:00'
          lead_id: 'b5febc5a-a562-4d86-a748-946e1dc68aef'
          outcome: ''
          due_start: '2026-09-18T19:56:59.016383+00:00'
          created_at: '2026-09-18T20:06:50.89544+00:00'
          updated_at: '2026-09-18T20:06:51.016383+00:00'
          recorded_at: ~
          sequence_id: '2b7f88e6-4aee-44ac-87b6-c6e8891eec97'
          template_id: ~
          band_attempt: 1
          call_attempt: 17
          completed_at: ~
          completed_by: ~
          message_step: ~
          performed_at: ~
          protocol_day: 4
          protocol_band: '17-19'
          seller_user_id: 'b104b000-0000-4000-8000-000000000001'
          sequence_order: 19
        19:
          id: 'fdcccafe-f07d-4ef1-8161-15b9208dd14b'
          note: ''
          status: 'scheduled'
          channel: 'call'
          due_end: '2026-09-18T21:06:51.024383+00:00'
          lead_id: 'b5febc5a-a562-4d86-a748-946e1dc68aef'
          outcome: ''
          due_start: '2026-09-18T19:56:59.016383+00:00'
          created_at: '2026-09-18T20:06:50.89544+00:00'
          updated_at: '2026-09-18T20:06:51.016383+00:00'
          recorded_at: ~
          sequence_id: '2b7f88e6-4aee-44ac-87b6-c6e8891eec97'
          template_id: ~
          band_attempt: 2
          call_attempt: 18
          completed_at: ~
          completed_by: ~
          message_step: ~
          performed_at: ~
          protocol_day: 4
          protocol_band: '17-19'
          seller_user_id: 'b104b000-0000-4000-8000-000000000001'
          sequence_order: 20
      actual:
        0:
          id: '8a73b172-a26b-4131-a7e6-0ecec3b23988'
          note: ''
          status: 'completed'
          channel: 'call'
          due_end: '2026-09-18T21:06:51.016383+00:00'
          lead_id: 'b5febc5a-a562-4d86-a748-946e1dc68aef'
          outcome: 'no_answer'
          due_start: '2026-09-18T19:56:51.016383+00:00'
          created_at: '2026-09-18T20:06:50.89544+00:00'
          updated_at: '2026-09-18T20:06:51.183983+00:00'
          recorded_at: '2026-09-18T20:04:51.047822+00:00'
          sequence_id: '2b7f88e6-4aee-44ac-87b6-c6e8891eec97'
          template_id: ~
          band_attempt: 1
          call_attempt: 1
          completed_at: '2026-09-18T20:04:51.047822+00:00'
          completed_by: 'b104b000-0000-4000-8000-000000000001'
          message_step: ~
          performed_at: '2026-09-18T20:03:51.047822+00:00'
          protocol_day: 1
          protocol_band: '17-19'
          seller_user_id: 'b104b000-0000-4000-8000-000000000001'
          sequence_order: 1
        1:
          id: '56c9c1ae-c838-48ca-a719-88a5bdcb16ff'
          note: ''
          status: 'scheduled'
          channel: 'whatsapp'
          due_end: '2026-09-18T21:06:51.016383+00:00'
          lead_id: 'b5febc5a-a562-4d86-a748-946e1dc68aef'
          outcome: ''
          due_start: '2026-09-18T19:56:51.016383+00:00'
          created_at: '2026-09-18T20:06:50.89544+00:00'
          updated_at: '2026-09-18T20:06:51.183983+00:00'
          recorded_at: ~
          sequence_id: '2b7f88e6-4aee-44ac-87b6-c6e8891eec97'
          template_id: ~
          band_attempt: ~
          call_attempt: ~
          completed_at: ~
          completed_by: ~
          message_step: 1
          performed_at: ~
          protocol_day: 1
          protocol_band: '17-19'
          seller_user_id: 'b104b000-0000-4000-8000-000000000001'
          sequence_order: 2
        2:
          id: 'ec2d6595-28f5-432b-aae5-d16025eb2405'
          note: ''
          status: 'scheduled'
          channel: 'call'
          due_end: '2026-09-18T21:06:51.016383+00:00'
          lead_id: 'b5febc5a-a562-4d86-a748-946e1dc68aef'
          outcome: ''
          due_start: '2026-09-18T19:56:51.016383+00:00'
          created_at: '2026-09-18T20:06:50.89544+00:00'
          updated_at: '2026-09-18T20:06:51.183983+00:00'
          recorded_at: ~
          sequence_id: '2b7f88e6-4aee-44ac-87b6-c6e8891eec97'
          template_id: ~
          band_attempt: 2
          call_attempt: 2
          completed_at: ~
          completed_by: ~
          message_step: ~
          performed_at: ~
          protocol_day: 1
          protocol_band: '17-19'
          seller_user_id: 'b104b000-0000-4000-8000-000000000001'
          sequence_order: 3
        3:
          id: 'a0b71fa9-6591-47d1-b798-2b82404e2512'
          note: ''
          status: 'scheduled'
          channel: 'call'
          due_end: '2026-09-18T21:06:51.017383+00:00'
          lead_id: 'b5febc5a-a562-4d86-a748-946e1dc68aef'
          outcome: ''
          due_start: '2026-09-18T19:56:52.016383+00:00'
          created_at: '2026-09-18T20:06:50.89544+00:00'
          updated_at: '2026-09-18T20:06:51.183983+00:00'
          recorded_at: ~
          sequence_id: '2b7f88e6-4aee-44ac-87b6-c6e8891eec97'
          template_id: ~
          band_attempt: 1
          call_attempt: 3
          completed_at: ~
          completed_by: ~
          message_step: ~
          performed_at: ~
          protocol_day: 2
          protocol_band: '10-12'
          seller_user_id: 'b104b000-0000-4000-8000-000000000001'
          sequence_order: 4
        4:
          id: 'f7c9de88-25b8-4532-a1dc-531b1d59acb8'
          note: ''
          status: 'scheduled'
          channel: 'call'
          due_end: '2026-09-18T21:06:51.017383+00:00'
          lead_id: 'b5febc5a-a562-4d86-a748-946e1dc68aef'
          outcome: ''
          due_start: '2026-09-18T19:56:52.016383+00:00'
          created_at: '2026-09-18T20:06:50.89544+00:00'
          updated_at: '2026-09-18T20:06:51.183983+00:00'
          recorded_at: ~
          sequence_id: '2b7f88e6-4aee-44ac-87b6-c6e8891eec97'
          template_id: ~
          band_attempt: 2
          call_attempt: 4
          completed_at: ~
          completed_by: ~
          message_step: ~
          performed_at: ~
          protocol_day: 2
          protocol_band: '10-12'
          seller_user_id: 'b104b000-0000-4000-8000-000000000001'
          sequence_order: 5
        5:
          id: '48b52004-5820-4ad4-894c-32a8dec06e1b'
          note: ''
          status: 'scheduled'
          channel: 'whatsapp'
          due_end: '2026-09-18T21:06:51.016383+00:00'
          lead_id: 'b5febc5a-a562-4d86-a748-946e1dc68aef'
          outcome: ''
          due_start: '2026-09-18T19:56:51.016383+00:00'
          created_at: '2026-09-18T20:06:50.89544+00:00'
          updated_at: '2026-09-18T20:06:51.183983+00:00'
          recorded_at: ~
          sequence_id: '2b7f88e6-4aee-44ac-87b6-c6e8891eec97'
          template_id: ~
          band_attempt: ~
          call_attempt: ~
          completed_at: ~
          completed_by: ~
          message_step: 2
          performed_at: ~
          protocol_day: 2
          protocol_band: '10-12'
          seller_user_id: 'b104b000-0000-4000-8000-000000000001'
          sequence_order: 6
        6:
          id: '79154c16-1acd-447b-92e0-f5f49b0099f8'
          note: ''
          status: 'scheduled'
          channel: 'call'
          due_end: '2026-09-18T21:06:51.018383+00:00'
          lead_id: 'b5febc5a-a562-4d86-a748-946e1dc68aef'
          outcome: ''
          due_start: '2026-09-18T19:56:53.016383+00:00'
          created_at: '2026-09-18T20:06:50.89544+00:00'
          updated_at: '2026-09-18T20:06:51.183983+00:00'
          recorded_at: ~
          sequence_id: '2b7f88e6-4aee-44ac-87b6-c6e8891eec97'
          template_id: ~
          band_attempt: 1
          call_attempt: 5
          completed_at: ~
          completed_by: ~
          message_step: ~
          performed_at: ~
          protocol_day: 2
          protocol_band: '14-16'
          seller_user_id: 'b104b000-0000-4000-8000-000000000001'
          sequence_order: 7
        7:
          id: '4b0d77ab-23ef-46c9-8dfd-daebe8e92131'
          note: ''
          status: 'scheduled'
          channel: 'call'
          due_end: '2026-09-18T21:06:51.018383+00:00'
          lead_id: 'b5febc5a-a562-4d86-a748-946e1dc68aef'
          outcome: ''
          due_start: '2026-09-18T19:56:53.016383+00:00'
          created_at: '2026-09-18T20:06:50.89544+00:00'
          updated_at: '2026-09-18T20:06:51.183983+00:00'
          recorded_at: ~
          sequence_id: '2b7f88e6-4aee-44ac-87b6-c6e8891eec97'
          template_id: ~
          band_attempt: 2
          call_attempt: 6
          completed_at: ~
          completed_by: ~
          message_step: ~
          performed_at: ~
          protocol_day: 2
          protocol_band: '14-16'
          seller_user_id: 'b104b000-0000-4000-8000-000000000001'
          sequence_order: 8
        8:
          id: 'e1a9993a-eb34-4858-8f54-cd31c7aa0f5e'
          note: ''
          status: 'scheduled'
          channel: 'call'
          due_end: '2026-09-18T21:06:51.019383+00:00'
          lead_id: 'b5febc5a-a562-4d86-a748-946e1dc68aef'
          outcome: ''
          due_start: '2026-09-18T19:56:54.016383+00:00'
          created_at: '2026-09-18T20:06:50.89544+00:00'
          updated_at: '2026-09-18T20:06:51.183983+00:00'
          recorded_at: ~
          sequence_id: '2b7f88e6-4aee-44ac-87b6-c6e8891eec97'
          template_id: ~
          band_attempt: 1
          call_attempt: 7
          completed_at: ~
          completed_by: ~
          message_step: ~
          performed_at: ~
          protocol_day: 3
          protocol_band: '10-12'
          seller_user_id: 'b104b000-0000-4000-8000-000000000001'
          sequence_order: 9
        9:
          id: 'ba837fbf-c399-4041-b0a1-57a0e14f57cc'
          note: ''
          status: 'scheduled'
          channel: 'call'
          due_end: '2026-09-18T21:06:51.019383+00:00'
          lead_id: 'b5febc5a-a562-4d86-a748-946e1dc68aef'
          outcome: ''
          due_start: '2026-09-18T19:56:54.016383+00:00'
          created_at: '2026-09-18T20:06:50.89544+00:00'
          updated_at: '2026-09-18T20:06:51.183983+00:00'
          recorded_at: ~
          sequence_id: '2b7f88e6-4aee-44ac-87b6-c6e8891eec97'
          template_id: ~
          band_attempt: 2
          call_attempt: 8
          completed_at: ~
          completed_by: ~
          message_step: ~
          performed_at: ~
          protocol_day: 3
          protocol_band: '10-12'
          seller_user_id: 'b104b000-0000-4000-8000-000000000001'
          sequence_order: 10
        10:
          id: 'cfdebfa0-4eb4-419e-bac0-4356b15301f8'
          note: ''
          status: 'scheduled'
          channel: 'call'
          due_end: '2026-09-18T21:06:51.020383+00:00'
          lead_id: 'b5febc5a-a562-4d86-a748-946e1dc68aef'
          outcome: ''
          due_start: '2026-09-18T19:56:55.016383+00:00'
          created_at: '2026-09-18T20:06:50.89544+00:00'
          updated_at: '2026-09-18T20:06:51.183983+00:00'
          recorded_at: ~
          sequence_id: '2b7f88e6-4aee-44ac-87b6-c6e8891eec97'
          template_id: ~
          band_attempt: 1
          call_attempt: 9
          completed_at: ~
          completed_by: ~
          message_step: ~
          performed_at: ~
          protocol_day: 3
          protocol_band: '14-16'
          seller_user_id: 'b104b000-0000-4000-8000-000000000001'
          sequence_order: 11
        11:
          id: 'e47ff10d-7820-4e0a-84be-e1ef2933cc22'
          note: ''
          status: 'scheduled'
          channel: 'call'
          due_end: '2026-09-18T21:06:51.020383+00:00'
          lead_id: 'b5febc5a-a562-4d86-a748-946e1dc68aef'
          outcome: ''
          due_start: '2026-09-18T19:56:55.016383+00:00'
          created_at: '2026-09-18T20:06:50.89544+00:00'
          updated_at: '2026-09-18T20:06:51.183983+00:00'
          recorded_at: ~
          sequence_id: '2b7f88e6-4aee-44ac-87b6-c6e8891eec97'
          template_id: ~
          band_attempt: 2
          call_attempt: 10
          completed_at: ~
          completed_by: ~
          message_step: ~
          performed_at: ~
          protocol_day: 3
          protocol_band: '14-16'
          seller_user_id: 'b104b000-0000-4000-8000-000000000001'
          sequence_order: 12
        12:
          id: '5e3c2c51-e93e-4d1b-97a4-29ea8c7666c5'
          note: ''
          status: 'scheduled'
          channel: 'call'
          due_end: '2026-09-18T21:06:51.021383+00:00'
          lead_id: 'b5febc5a-a562-4d86-a748-946e1dc68aef'
          outcome: ''
          due_start: '2026-09-18T19:56:56.016383+00:00'
          created_at: '2026-09-18T20:06:50.89544+00:00'
          updated_at: '2026-09-18T20:06:51.183983+00:00'
          recorded_at: ~
          sequence_id: '2b7f88e6-4aee-44ac-87b6-c6e8891eec97'
          template_id: ~
          band_attempt: 1
          call_attempt: 11
          completed_at: ~
          completed_by: ~
          message_step: ~
          performed_at: ~
          protocol_day: 3
          protocol_band: '17-19'
          seller_user_id: 'b104b000-0000-4000-8000-000000000001'
          sequence_order: 13
        13:
          id: '9abfe5fb-9b0a-454d-8932-31a08932a594'
          note: ''
          status: 'scheduled'
          channel: 'call'
          due_end: '2026-09-18T21:06:51.021383+00:00'
          lead_id: 'b5febc5a-a562-4d86-a748-946e1dc68aef'
          outcome: ''
          due_start: '2026-09-18T19:56:56.016383+00:00'
          created_at: '2026-09-18T20:06:50.89544+00:00'
          updated_at: '2026-09-18T20:06:51.183983+00:00'
          recorded_at: ~
          sequence_id: '2b7f88e6-4aee-44ac-87b6-c6e8891eec97'
          template_id: ~
          band_attempt: 2
          call_attempt: 12
          completed_at: ~
          completed_by: ~
          message_step: ~
          performed_at: ~
          protocol_day: 3
          protocol_band: '17-19'
          seller_user_id: 'b104b000-0000-4000-8000-000000000001'
          sequence_order: 14
        14:
          id: 'cea58b46-600d-44c4-9e28-8b246b09e2fb'
          note: ''
          status: 'scheduled'
          channel: 'call'
          due_end: '2026-09-18T21:06:51.022383+00:00'
          lead_id: 'b5febc5a-a562-4d86-a748-946e1dc68aef'
          outcome: ''
          due_start: '2026-09-18T19:56:57.016383+00:00'
          created_at: '2026-09-18T20:06:50.89544+00:00'
          updated_at: '2026-09-18T20:06:51.183983+00:00'
          recorded_at: ~
          sequence_id: '2b7f88e6-4aee-44ac-87b6-c6e8891eec97'
          template_id: ~
          band_attempt: 1
          call_attempt: 13
          completed_at: ~
          completed_by: ~
          message_step: ~
          performed_at: ~
          protocol_day: 4
          protocol_band: '10-12'
          seller_user_id: 'b104b000-0000-4000-8000-000000000001'
          sequence_order: 15
        15:
          id: '86f5a290-68c5-4ff1-95c8-dc47752cef0d'
          note: ''
          status: 'scheduled'
          channel: 'call'
          due_end: '2026-09-18T21:06:51.022383+00:00'
          lead_id: 'b5febc5a-a562-4d86-a748-946e1dc68aef'
          outcome: ''
          due_start: '2026-09-18T19:56:57.016383+00:00'
          created_at: '2026-09-18T20:06:50.89544+00:00'
          updated_at: '2026-09-18T20:06:51.183983+00:00'
          recorded_at: ~
          sequence_id: '2b7f88e6-4aee-44ac-87b6-c6e8891eec97'
          template_id: ~
          band_attempt: 2
          call_attempt: 14
          completed_at: ~
          completed_by: ~
          message_step: ~
          performed_at: ~
          protocol_day: 4
          protocol_band: '10-12'
          seller_user_id: 'b104b000-0000-4000-8000-000000000001'
          sequence_order: 16
        16:
          id: '71eab779-a8c8-41b6-8642-003fae8ec697'
          note: ''
          status: 'scheduled'
          channel: 'call'
          due_end: '2026-09-18T21:06:51.023383+00:00'
          lead_id: 'b5febc5a-a562-4d86-a748-946e1dc68aef'
          outcome: ''
          due_start: '2026-09-18T19:56:58.016383+00:00'
          created_at: '2026-09-18T20:06:50.89544+00:00'
          updated_at: '2026-09-18T20:06:51.183983+00:00'
          recorded_at: ~
          sequence_id: '2b7f88e6-4aee-44ac-87b6-c6e8891eec97'
          template_id: ~
          band_attempt: 1
          call_attempt: 15
          completed_at: ~
          completed_by: ~
          message_step: ~
          performed_at: ~
          protocol_day: 4
          protocol_band: '14-16'
          seller_user_id: 'b104b000-0000-4000-8000-000000000001'
          sequence_order: 17
        17:
          id: '45bccc27-b8e9-41c7-b5fe-bf86fa665d94'
          note: ''
          status: 'scheduled'
          channel: 'call'
          due_end: '2026-09-18T21:06:51.023383+00:00'
          lead_id: 'b5febc5a-a562-4d86-a748-946e1dc68aef'
          outcome: ''
          due_start: '2026-09-18T19:56:58.016383+00:00'
          created_at: '2026-09-18T20:06:50.89544+00:00'
          updated_at: '2026-09-18T20:06:51.183983+00:00'
          recorded_at: ~
          sequence_id: '2b7f88e6-4aee-44ac-87b6-c6e8891eec97'
          template_id: ~
          band_attempt: 2
          call_attempt: 16
          completed_at: ~
          completed_by: ~
          message_step: ~
          performed_at: ~
          protocol_day: 4
          protocol_band: '14-16'
          seller_user_id: 'b104b000-0000-4000-8000-000000000001'
          sequence_order: 18
        18:
          id: '347a2e47-b35d-4111-9d20-08942646a606'
          note: ''
          status: 'scheduled'
          channel: 'call'
          due_end: '2026-09-18T21:06:51.024383+00:00'
          lead_id: 'b5febc5a-a562-4d86-a748-946e1dc68aef'
          outcome: ''
          due_start: '2026-09-18T19:56:59.016383+00:00'
          created_at: '2026-09-18T20:06:50.89544+00:00'
          updated_at: '2026-09-18T20:06:51.183983+00:00'
          recorded_at: ~
          sequence_id: '2b7f88e6-4aee-44ac-87b6-c6e8891eec97'
          template_id: ~
          band_attempt: 1
          call_attempt: 17
          completed_at: ~
          completed_by: ~
          message_step: ~
          performed_at: ~
          protocol_day: 4
          protocol_band: '17-19'
          seller_user_id: 'b104b000-0000-4000-8000-000000000001'
          sequence_order: 19
        19:
          id: 'fdcccafe-f07d-4ef1-8161-15b9208dd14b'
          note: ''
          status: 'scheduled'
          channel: 'call'
          due_end: '2026-09-18T21:06:51.024383+00:00'
          lead_id: 'b5febc5a-a562-4d86-a748-946e1dc68aef'
          outcome: ''
          due_start: '2026-09-18T19:56:59.016383+00:00'
          created_at: '2026-09-18T20:06:50.89544+00:00'
          updated_at: '2026-09-18T20:06:51.183983+00:00'
          recorded_at: ~
          sequence_id: '2b7f88e6-4aee-44ac-87b6-c6e8891eec97'
          template_id: ~
          band_attempt: 2
          call_attempt: 18
          completed_at: ~
          completed_by: ~
          message_step: ~
          performed_at: ~
          protocol_day: 4
          protocol_band: '17-19'
          seller_user_id: 'b104b000-0000-4000-8000-000000000001'
          sequence_order: 20
      operator: 'deepStrictEqual'
      stack: |-
        file:///tmp/crm-m1-9dsvoqqk/tests/m1/contact-runtime.integration.test.mjs:316:14
        process.processTicksAndRejections (node:internal/process/task_queues:104:5)
        async TestContext.<anonymous> (file:///tmp/crm-m1-9dsvoqqk/tests/m1/contact-runtime.integration.test.mjs:203:11)
        async Test.run (node:internal/test_runner/test:1389:7)
        async TestContext.<anonymous> (file:///tmp/crm-m1-9dsvoqqk/tests/m1/contact-runtime.integration.test.mjs:309:5)
        async Test.run (node:internal/test_runner/test:1389:7)
        async startSubtestAfterBootstrap (node:internal/test_runner/harness:387:3)
      ...
    # Subtest: DB-B08: pause is sticky, keeps commercial/channel epochs and seller channel denial
    ok 8 - DB-B08: pause is sticky, keeps commercial/channel epochs and seller channel denial
      ---
      duration_ms: 585.88748
      type: 'test'
      ...
    # Subtest: DB-B09: durable facts, adoptions and terminal history cannot be updated/deleted/truncated
    not ok 9 - DB-B09: durable facts, adoptions and terminal history cannot be updated/deleted/truncated
      ---
      duration_ms: 515.0359
      type: 'test'
      location: '/tmp/crm-m1-9dsvoqqk/tests/m1/contact-runtime.integration.test.mjs:202:35'
      failureType: 'testCodeFailure'
      error: |-
        42501: ERROR:  permission denied for table crm_contact_runtime
        CONTEXT:  SQL statement "select *                from private.crm_contact_runtime where lead_id=p_lead for update"
        PL/pgSQL function private.crm_apply_contact_command(uuid,uuid) line 21 at SQL statement
        PL/pgSQL function private.crm_execute_contact_command(jsonb) line 99 at assignment
        PL/pgSQL function public.crm_submit_command(jsonb) line 5 at RETURN
        
      code: 'ERR_TEST_FAILURE'
      stack: |-
        file:///tmp/crm-m1-9dsvoqqk/tests/m1/harness/pg-session.mjs:62:44
        process.processTicksAndRejections (node:internal/process/task_queues:104:5)
        async PgSession.scalar (file:///tmp/crm-m1-9dsvoqqk/tests/m1/harness/pg-session.mjs:68:20)
        async PgSession.json (file:///tmp/crm-m1-9dsvoqqk/tests/m1/harness/pg-session.mjs:73:19)
        async actor (file:///tmp/crm-m1-9dsvoqqk/tests/m1/contact-runtime.integration.test.mjs:40:23)
        async file:///tmp/crm-m1-9dsvoqqk/tests/m1/contact-runtime.integration.test.mjs:327:42
        async TestContext.<anonymous> (file:///tmp/crm-m1-9dsvoqqk/tests/m1/contact-runtime.integration.test.mjs:203:11)
        async Test.run (node:internal/test_runner/test:1389:7)
        async TestContext.<anonymous> (file:///tmp/crm-m1-9dsvoqqk/tests/m1/contact-runtime.integration.test.mjs:326:5)
        async Test.run (node:internal/test_runner/test:1389:7)
      ...
    # Subtest: DB-B10: future gates and FoundationProbe remain non-authoritative
    ok 10 - DB-B10: future gates and FoundationProbe remain non-authoritative
      ---
      duration_ms: 596.38064
      type: 'test'
      ...
    # Subtest: DB-B11: current owner and management scope, never historical task ownership
    not ok 11 - DB-B11: current owner and management scope, never historical task ownership
      ---
      duration_ms: 470.16614
      type: 'test'
      location: '/tmp/crm-m1-9dsvoqqk/tests/m1/contact-runtime.integration.test.mjs:202:35'
      failureType: 'testCodeFailure'
      error: |-
        42501: ERROR:  permission denied for table crm_contact_runtime
        CONTEXT:  SQL statement "select *                from private.crm_contact_runtime where lead_id=p_lead for update"
        PL/pgSQL function private.crm_apply_contact_command(uuid,uuid) line 21 at SQL statement
        PL/pgSQL function private.crm_execute_contact_command(jsonb) line 99 at assignment
        PL/pgSQL function public.crm_submit_command(jsonb) line 5 at RETURN
        
      code: 'ERR_TEST_FAILURE'
      stack: |-
        file:///tmp/crm-m1-9dsvoqqk/tests/m1/harness/pg-session.mjs:62:44
        process.processTicksAndRejections (node:internal/process/task_queues:104:5)
        async PgSession.scalar (file:///tmp/crm-m1-9dsvoqqk/tests/m1/harness/pg-session.mjs:68:20)
        async PgSession.json (file:///tmp/crm-m1-9dsvoqqk/tests/m1/harness/pg-session.mjs:73:19)
        async actor (file:///tmp/crm-m1-9dsvoqqk/tests/m1/contact-runtime.integration.test.mjs:40:23)
        async file:///tmp/crm-m1-9dsvoqqk/tests/m1/contact-runtime.integration.test.mjs:353:15
        async TestContext.<anonymous> (file:///tmp/crm-m1-9dsvoqqk/tests/m1/contact-runtime.integration.test.mjs:203:11)
        async Test.run (node:internal/test_runner/test:1389:7)
        async TestContext.<anonymous> (file:///tmp/crm-m1-9dsvoqqk/tests/m1/contact-runtime.integration.test.mjs:350:5)
        async Test.run (node:internal/test_runner/test:1389:7)
      ...
    # Subtest: DB-B12: actor, ownership and privileged provenance cannot be injected
    not ok 12 - DB-B12: actor, ownership and privileged provenance cannot be injected
      ---
      duration_ms: 762.15789
      type: 'test'
      location: '/tmp/crm-m1-9dsvoqqk/tests/m1/contact-runtime.integration.test.mjs:202:35'
      failureType: 'testCodeFailure'
      error: |-
        42501: ERROR:  permission denied for table crm_contact_runtime
        CONTEXT:  SQL statement "select *                from private.crm_contact_runtime where lead_id=p_lead for update"
        PL/pgSQL function private.crm_apply_contact_command(uuid,uuid) line 21 at SQL statement
        PL/pgSQL function private.crm_execute_contact_command(jsonb) line 99 at assignment
        PL/pgSQL function public.crm_submit_command(jsonb) line 5 at RETURN
        
      code: 'ERR_TEST_FAILURE'
      stack: |-
        file:///tmp/crm-m1-9dsvoqqk/tests/m1/harness/pg-session.mjs:62:44
        process.processTicksAndRejections (node:internal/process/task_queues:104:5)
        async PgSession.scalar (file:///tmp/crm-m1-9dsvoqqk/tests/m1/harness/pg-session.mjs:68:20)
        async PgSession.json (file:///tmp/crm-m1-9dsvoqqk/tests/m1/harness/pg-session.mjs:73:19)
        async actor (file:///tmp/crm-m1-9dsvoqqk/tests/m1/contact-runtime.integration.test.mjs:40:23)
        async file:///tmp/crm-m1-9dsvoqqk/tests/m1/contact-runtime.integration.test.mjs:364:43
        async TestContext.<anonymous> (file:///tmp/crm-m1-9dsvoqqk/tests/m1/contact-runtime.integration.test.mjs:203:11)
        async Test.run (node:internal/test_runner/test:1389:7)
        async TestContext.<anonymous> (file:///tmp/crm-m1-9dsvoqqk/tests/m1/contact-runtime.integration.test.mjs:359:5)
        async Test.run (node:internal/test_runner/test:1389:7)
      ...
    # Subtest: DB-B13: inactive actor and concurrent deactivation are rejected
    ok 13 - DB-B13: inactive actor and concurrent deactivation are rejected
      ---
      duration_ms: 1550.25749
      type: 'test'
      ...
    # Subtest: DB-B14: foreign task, sequence, action and fact references fail closed
    not ok 14 - DB-B14: foreign task, sequence, action and fact references fail closed
      ---
      duration_ms: 583.02456
      type: 'test'
      location: '/tmp/crm-m1-9dsvoqqk/tests/m1/contact-runtime.integration.test.mjs:202:35'
      failureType: 'testCodeFailure'
      error: |-
        42501: ERROR:  permission denied for table crm_contact_runtime
        CONTEXT:  SQL statement "select *                from private.crm_contact_runtime where lead_id=p_lead for update"
        PL/pgSQL function private.crm_apply_contact_command(uuid,uuid) line 21 at SQL statement
        PL/pgSQL function private.crm_execute_contact_command(jsonb) line 99 at assignment
        PL/pgSQL function public.crm_submit_command(jsonb) line 5 at RETURN
        
      code: 'ERR_TEST_FAILURE'
      stack: |-
        file:///tmp/crm-m1-9dsvoqqk/tests/m1/harness/pg-session.mjs:62:44
        process.processTicksAndRejections (node:internal/process/task_queues:104:5)
        async PgSession.scalar (file:///tmp/crm-m1-9dsvoqqk/tests/m1/harness/pg-session.mjs:68:20)
        async PgSession.json (file:///tmp/crm-m1-9dsvoqqk/tests/m1/harness/pg-session.mjs:73:19)
        async actor (file:///tmp/crm-m1-9dsvoqqk/tests/m1/contact-runtime.integration.test.mjs:40:23)
        async file:///tmp/crm-m1-9dsvoqqk/tests/m1/contact-runtime.integration.test.mjs:383:59
        async TestContext.<anonymous> (file:///tmp/crm-m1-9dsvoqqk/tests/m1/contact-runtime.integration.test.mjs:203:11)
        async Test.run (node:internal/test_runner/test:1389:7)
        async TestContext.<anonymous> (file:///tmp/crm-m1-9dsvoqqk/tests/m1/contact-runtime.integration.test.mjs:381:5)
        async Test.run (node:internal/test_runner/test:1389:7)
      ...
    # Subtest: DB-B15: same command ID and intent yield one effect and replay
    not ok 15 - DB-B15: same command ID and intent yield one effect and replay
      ---
      duration_ms: 326.04456
      type: 'test'
      location: '/tmp/crm-m1-9dsvoqqk/tests/m1/contact-runtime.integration.test.mjs:202:35'
      failureType: 'testCodeFailure'
      error: |-
        42501: ERROR:  permission denied for table crm_contact_runtime
        CONTEXT:  SQL statement "select *                from private.crm_contact_runtime where lead_id=p_lead for update"
        PL/pgSQL function private.crm_apply_contact_command(uuid,uuid) line 21 at SQL statement
        PL/pgSQL function private.crm_execute_contact_command(jsonb) line 99 at assignment
        PL/pgSQL function public.crm_submit_command(jsonb) line 5 at RETURN
        
      code: 'ERR_TEST_FAILURE'
      stack: |-
        file:///tmp/crm-m1-9dsvoqqk/tests/m1/harness/pg-session.mjs:62:44
        process.processTicksAndRejections (node:internal/process/task_queues:104:5)
        async PgSession.scalar (file:///tmp/crm-m1-9dsvoqqk/tests/m1/harness/pg-session.mjs:68:20)
        async PgSession.json (file:///tmp/crm-m1-9dsvoqqk/tests/m1/harness/pg-session.mjs:73:19)
        async actor (file:///tmp/crm-m1-9dsvoqqk/tests/m1/contact-runtime.integration.test.mjs:40:23)
        async file:///tmp/crm-m1-9dsvoqqk/tests/m1/contact-runtime.integration.test.mjs:390:114
        async TestContext.<anonymous> (file:///tmp/crm-m1-9dsvoqqk/tests/m1/contact-runtime.integration.test.mjs:203:11)
        async Test.run (node:internal/test_runner/test:1389:7)
        async TestContext.<anonymous> (file:///tmp/crm-m1-9dsvoqqk/tests/m1/contact-runtime.integration.test.mjs:389:5)
        async Test.run (node:internal/test_runner/test:1389:7)
      ...
    # Subtest: DB-B16: same idempotency key replays only same hash
    not ok 16 - DB-B16: same idempotency key replays only same hash
      ---
      duration_ms: 322.26416
      type: 'test'
      location: '/tmp/crm-m1-9dsvoqqk/tests/m1/contact-runtime.integration.test.mjs:202:35'
      failureType: 'testCodeFailure'
      error: |-
        42501: ERROR:  permission denied for table crm_contact_runtime
        CONTEXT:  SQL statement "select *                from private.crm_contact_runtime where lead_id=p_lead for update"
        PL/pgSQL function private.crm_apply_contact_command(uuid,uuid) line 21 at SQL statement
        PL/pgSQL function private.crm_execute_contact_command(jsonb) line 99 at assignment
        PL/pgSQL function public.crm_submit_command(jsonb) line 5 at RETURN
        
      code: 'ERR_TEST_FAILURE'
      stack: |-
        file:///tmp/crm-m1-9dsvoqqk/tests/m1/harness/pg-session.mjs:62:44
        process.processTicksAndRejections (node:internal/process/task_queues:104:5)
        async PgSession.scalar (file:///tmp/crm-m1-9dsvoqqk/tests/m1/harness/pg-session.mjs:68:20)
        async PgSession.json (file:///tmp/crm-m1-9dsvoqqk/tests/m1/harness/pg-session.mjs:73:19)
        async actor (file:///tmp/crm-m1-9dsvoqqk/tests/m1/contact-runtime.integration.test.mjs:40:23)
        async file:///tmp/crm-m1-9dsvoqqk/tests/m1/contact-runtime.integration.test.mjs:395:110
        async TestContext.<anonymous> (file:///tmp/crm-m1-9dsvoqqk/tests/m1/contact-runtime.integration.test.mjs:203:11)
        async Test.run (node:internal/test_runner/test:1389:7)
        async TestContext.<anonymous> (file:///tmp/crm-m1-9dsvoqqk/tests/m1/contact-runtime.integration.test.mjs:394:5)
        async Test.run (node:internal/test_runner/test:1389:7)
      ...
    # Subtest: DB-B17: new keys cannot duplicate or overwrite stable fact/action identities
    not ok 17 - DB-B17: new keys cannot duplicate or overwrite stable fact/action identities
      ---
      duration_ms: 329.44534
      type: 'test'
      location: '/tmp/crm-m1-9dsvoqqk/tests/m1/contact-runtime.integration.test.mjs:202:35'
      failureType: 'testCodeFailure'
      error: |-
        42501: ERROR:  permission denied for table crm_contact_runtime
        CONTEXT:  SQL statement "select *                from private.crm_contact_runtime where lead_id=p_lead for update"
        PL/pgSQL function private.crm_apply_contact_command(uuid,uuid) line 21 at SQL statement
        PL/pgSQL function private.crm_execute_contact_command(jsonb) line 99 at assignment
        PL/pgSQL function public.crm_submit_command(jsonb) line 5 at RETURN
        
      code: 'ERR_TEST_FAILURE'
      stack: |-
        file:///tmp/crm-m1-9dsvoqqk/tests/m1/harness/pg-session.mjs:62:44
        process.processTicksAndRejections (node:internal/process/task_queues:104:5)
        async PgSession.scalar (file:///tmp/crm-m1-9dsvoqqk/tests/m1/harness/pg-session.mjs:68:20)
        async PgSession.json (file:///tmp/crm-m1-9dsvoqqk/tests/m1/harness/pg-session.mjs:73:19)
        async actor (file:///tmp/crm-m1-9dsvoqqk/tests/m1/contact-runtime.integration.test.mjs:40:23)
        async file:///tmp/crm-m1-9dsvoqqk/tests/m1/contact-runtime.integration.test.mjs:402:64
        async TestContext.<anonymous> (file:///tmp/crm-m1-9dsvoqqk/tests/m1/contact-runtime.integration.test.mjs:203:11)
        async Test.run (node:internal/test_runner/test:1389:7)
        async TestContext.<anonymous> (file:///tmp/crm-m1-9dsvoqqk/tests/m1/contact-runtime.integration.test.mjs:401:5)
        async Test.run (node:internal/test_runner/test:1389:7)
      ...
    # Subtest: DB-B18: stale aggregate, Assignment and B revisions never partially apply
    not ok 18 - DB-B18: stale aggregate, Assignment and B revisions never partially apply
      ---
      duration_ms: 346.32711
      type: 'test'
      location: '/tmp/crm-m1-9dsvoqqk/tests/m1/contact-runtime.integration.test.mjs:202:35'
      failureType: 'testCodeFailure'
      error: |-
        42501: ERROR:  permission denied for table crm_contact_runtime
        CONTEXT:  SQL statement "select *                from private.crm_contact_runtime where lead_id=p_lead for update"
        PL/pgSQL function private.crm_apply_contact_command(uuid,uuid) line 21 at SQL statement
        PL/pgSQL function private.crm_execute_contact_command(jsonb) line 99 at assignment
        PL/pgSQL function public.crm_submit_command(jsonb) line 5 at RETURN
        
      code: 'ERR_TEST_FAILURE'
      stack: |-
        file:///tmp/crm-m1-9dsvoqqk/tests/m1/harness/pg-session.mjs:62:44
        process.processTicksAndRejections (node:internal/process/task_queues:104:5)
        async PgSession.scalar (file:///tmp/crm-m1-9dsvoqqk/tests/m1/harness/pg-session.mjs:68:20)
        async PgSession.json (file:///tmp/crm-m1-9dsvoqqk/tests/m1/harness/pg-session.mjs:73:19)
        async actor (file:///tmp/crm-m1-9dsvoqqk/tests/m1/contact-runtime.integration.test.mjs:40:23)
        async file:///tmp/crm-m1-9dsvoqqk/tests/m1/contact-runtime.integration.test.mjs:409:42
        async TestContext.<anonymous> (file:///tmp/crm-m1-9dsvoqqk/tests/m1/contact-runtime.integration.test.mjs:203:11)
        async Test.run (node:internal/test_runner/test:1389:7)
        async TestContext.<anonymous> (file:///tmp/crm-m1-9dsvoqqk/tests/m1/contact-runtime.integration.test.mjs:408:5)
        async Test.run (node:internal/test_runner/test:1389:7)
      ...
    # Subtest: DB-B19: replay reevaluates read rights but succeeds through pause for authorized actor
    not ok 19 - DB-B19: replay reevaluates read rights but succeeds through pause for authorized actor
      ---
      duration_ms: 311.65882
      type: 'test'
      location: '/tmp/crm-m1-9dsvoqqk/tests/m1/contact-runtime.integration.test.mjs:202:35'
      failureType: 'testCodeFailure'
      error: |-
        42501: ERROR:  permission denied for table crm_contact_runtime
        CONTEXT:  SQL statement "select *                from private.crm_contact_runtime where lead_id=p_lead for update"
        PL/pgSQL function private.crm_apply_contact_command(uuid,uuid) line 21 at SQL statement
        PL/pgSQL function private.crm_execute_contact_command(jsonb) line 99 at assignment
        PL/pgSQL function public.crm_submit_command(jsonb) line 5 at RETURN
        
      code: 'ERR_TEST_FAILURE'
      stack: |-
        file:///tmp/crm-m1-9dsvoqqk/tests/m1/harness/pg-session.mjs:62:44
        process.processTicksAndRejections (node:internal/process/task_queues:104:5)
        async PgSession.scalar (file:///tmp/crm-m1-9dsvoqqk/tests/m1/harness/pg-session.mjs:68:20)
        async PgSession.json (file:///tmp/crm-m1-9dsvoqqk/tests/m1/harness/pg-session.mjs:73:19)
        async actor (file:///tmp/crm-m1-9dsvoqqk/tests/m1/contact-runtime.integration.test.mjs:40:23)
        async file:///tmp/crm-m1-9dsvoqqk/tests/m1/contact-runtime.integration.test.mjs:418:110
        async TestContext.<anonymous> (file:///tmp/crm-m1-9dsvoqqk/tests/m1/contact-runtime.integration.test.mjs:203:11)
        async Test.run (node:internal/test_runner/test:1389:7)
        async TestContext.<anonymous> (file:///tmp/crm-m1-9dsvoqqk/tests/m1/contact-runtime.integration.test.mjs:417:5)
        async Test.run (node:internal/test_runner/test:1389:7)
      ...
    # Subtest: DB-B20: neither GUC nor another domain receipt grants Contact DML
    ok 20 - DB-B20: neither GUC nor another domain receipt grants Contact DML
      ---
      duration_ms: 586.49819
      type: 'test'
      ...
    # Subtest: DB-B21: no_answer records real declared attempt/credit without stage/channel mutation
    not ok 21 - DB-B21: no_answer records real declared attempt/credit without stage/channel mutation
      ---
      duration_ms: 405.46976
      type: 'test'
      location: '/tmp/crm-m1-9dsvoqqk/tests/m1/contact-runtime.integration.test.mjs:202:35'
      failureType: 'testCodeFailure'
      error: |-
        42501: ERROR:  permission denied for table crm_contact_runtime
        CONTEXT:  SQL statement "select *                from private.crm_contact_runtime where lead_id=p_lead for update"
        PL/pgSQL function private.crm_apply_contact_command(uuid,uuid) line 21 at SQL statement
        PL/pgSQL function private.crm_execute_contact_command(jsonb) line 99 at assignment
        PL/pgSQL function public.crm_submit_command(jsonb) line 5 at RETURN
        
      code: 'ERR_TEST_FAILURE'
      stack: |-
        file:///tmp/crm-m1-9dsvoqqk/tests/m1/harness/pg-session.mjs:62:44
        process.processTicksAndRejections (node:internal/process/task_queues:104:5)
        async PgSession.scalar (file:///tmp/crm-m1-9dsvoqqk/tests/m1/harness/pg-session.mjs:68:20)
        async PgSession.json (file:///tmp/crm-m1-9dsvoqqk/tests/m1/harness/pg-session.mjs:73:19)
        async actor (file:///tmp/crm-m1-9dsvoqqk/tests/m1/contact-runtime.integration.test.mjs:40:23)
        async file:///tmp/crm-m1-9dsvoqqk/tests/m1/contact-runtime.integration.test.mjs:438:15
        async TestContext.<anonymous> (file:///tmp/crm-m1-9dsvoqqk/tests/m1/contact-runtime.integration.test.mjs:203:11)
        async Test.run (node:internal/test_runner/test:1389:7)
        async TestContext.<anonymous> (file:///tmp/crm-m1-9dsvoqqk/tests/m1/contact-runtime.integration.test.mjs:436:5)
        async Test.run (node:internal/test_runner/test:1389:7)
      ...
    # Subtest: DB-B22: personal WA sent is declared evidence, never delivery or corporate channel proof
    not ok 22 - DB-B22: personal WA sent is declared evidence, never delivery or corporate channel proof
      ---
      duration_ms: 636.98587
      type: 'test'
      location: '/tmp/crm-m1-9dsvoqqk/tests/m1/contact-runtime.integration.test.mjs:202:35'
      failureType: 'testCodeFailure'
      error: |-
        42501: ERROR:  permission denied for table crm_contact_runtime
        CONTEXT:  SQL statement "select *                from private.crm_contact_runtime where lead_id=p_lead for update"
        PL/pgSQL function private.crm_apply_contact_command(uuid,uuid) line 21 at SQL statement
        PL/pgSQL function private.crm_execute_contact_command(jsonb) line 99 at assignment
        PL/pgSQL function public.crm_submit_command(jsonb) line 5 at RETURN
        
      code: 'ERR_TEST_FAILURE'
      stack: |-
        file:///tmp/crm-m1-9dsvoqqk/tests/m1/harness/pg-session.mjs:62:44
        process.processTicksAndRejections (node:internal/process/task_queues:104:5)
        async PgSession.scalar (file:///tmp/crm-m1-9dsvoqqk/tests/m1/harness/pg-session.mjs:68:20)
        async PgSession.json (file:///tmp/crm-m1-9dsvoqqk/tests/m1/harness/pg-session.mjs:73:19)
        async actor (file:///tmp/crm-m1-9dsvoqqk/tests/m1/contact-runtime.integration.test.mjs:40:23)
        async file:///tmp/crm-m1-9dsvoqqk/tests/m1/contact-runtime.integration.test.mjs:446:88
        async TestContext.<anonymous> (file:///tmp/crm-m1-9dsvoqqk/tests/m1/contact-runtime.integration.test.mjs:203:11)
        async Test.run (node:internal/test_runner/test:1389:7)
        async TestContext.<anonymous> (file:///tmp/crm-m1-9dsvoqqk/tests/m1/contact-runtime.integration.test.mjs:442:5)
        async Test.run (node:internal/test_runner/test:1389:7)
      ...
    # Subtest: DB-B23: answered plus explicit next action is atomic and preserves commercial stage
    not ok 23 - DB-B23: answered plus explicit next action is atomic and preserves commercial stage
      ---
      duration_ms: 381.39248
      type: 'test'
      location: '/tmp/crm-m1-9dsvoqqk/tests/m1/contact-runtime.integration.test.mjs:202:35'
      failureType: 'testCodeFailure'
      error: |-
        42501: ERROR:  permission denied for table crm_contact_runtime
        CONTEXT:  SQL statement "select *                from private.crm_contact_runtime where lead_id=p_lead for update"
        PL/pgSQL function private.crm_apply_contact_command(uuid,uuid) line 21 at SQL statement
        PL/pgSQL function private.crm_execute_contact_command(jsonb) line 99 at assignment
        PL/pgSQL function public.crm_submit_command(jsonb) line 5 at RETURN
        
      code: 'ERR_TEST_FAILURE'
      stack: |-
        file:///tmp/crm-m1-9dsvoqqk/tests/m1/harness/pg-session.mjs:62:44
        process.processTicksAndRejections (node:internal/process/task_queues:104:5)
        async PgSession.scalar (file:///tmp/crm-m1-9dsvoqqk/tests/m1/harness/pg-session.mjs:68:20)
        async PgSession.json (file:///tmp/crm-m1-9dsvoqqk/tests/m1/harness/pg-session.mjs:73:19)
        async actor (file:///tmp/crm-m1-9dsvoqqk/tests/m1/contact-runtime.integration.test.mjs:40:23)
        async file:///tmp/crm-m1-9dsvoqqk/tests/m1/contact-runtime.integration.test.mjs:453:15
        async TestContext.<anonymous> (file:///tmp/crm-m1-9dsvoqqk/tests/m1/contact-runtime.integration.test.mjs:203:11)
        async Test.run (node:internal/test_runner/test:1389:7)
        async TestContext.<anonymous> (file:///tmp/crm-m1-9dsvoqqk/tests/m1/contact-runtime.integration.test.mjs:451:5)
        async Test.run (node:internal/test_runner/test:1389:7)
      ...
    # Subtest: DB-B24: manual skipped records omission, never attempt or last contact
    not ok 24 - DB-B24: manual skipped records omission, never attempt or last contact
      ---
      duration_ms: 327.69043
      type: 'test'
      location: '/tmp/crm-m1-9dsvoqqk/tests/m1/contact-runtime.integration.test.mjs:202:35'
      failureType: 'testCodeFailure'
      error: |-
        42501: ERROR:  permission denied for table crm_contact_runtime
        CONTEXT:  SQL statement "select *                from private.crm_contact_runtime where lead_id=p_lead for update"
        PL/pgSQL function private.crm_apply_contact_command(uuid,uuid) line 21 at SQL statement
        PL/pgSQL function private.crm_execute_contact_command(jsonb) line 99 at assignment
        PL/pgSQL function public.crm_submit_command(jsonb) line 5 at RETURN
        
      code: 'ERR_TEST_FAILURE'
      stack: |-
        file:///tmp/crm-m1-9dsvoqqk/tests/m1/harness/pg-session.mjs:62:44
        process.processTicksAndRejections (node:internal/process/task_queues:104:5)
        async PgSession.scalar (file:///tmp/crm-m1-9dsvoqqk/tests/m1/harness/pg-session.mjs:68:20)
        async PgSession.json (file:///tmp/crm-m1-9dsvoqqk/tests/m1/harness/pg-session.mjs:73:19)
        async actor (file:///tmp/crm-m1-9dsvoqqk/tests/m1/contact-runtime.integration.test.mjs:40:23)
        async file:///tmp/crm-m1-9dsvoqqk/tests/m1/contact-runtime.integration.test.mjs:459:15
        async TestContext.<anonymous> (file:///tmp/crm-m1-9dsvoqqk/tests/m1/contact-runtime.integration.test.mjs:203:11)
        async Test.run (node:internal/test_runner/test:1389:7)
        async TestContext.<anonymous> (file:///tmp/crm-m1-9dsvoqqk/tests/m1/contact-runtime.integration.test.mjs:457:5)
        async Test.run (node:internal/test_runner/test:1389:7)
      ...
    # Subtest: DB-B25: deadline observation is clock work with no seller contact or productivity attribution
    not ok 25 - DB-B25: deadline observation is clock work with no seller contact or productivity attribution
      ---
      duration_ms: 373.83017
      type: 'test'
      location: '/tmp/crm-m1-9dsvoqqk/tests/m1/contact-runtime.integration.test.mjs:202:35'
      failureType: 'testCodeFailure'
      error: |-
        42501: ERROR:  permission denied for table crm_contact_runtime
        CONTEXT:  SQL statement "select *                from private.crm_contact_runtime where lead_id=p_lead for update"
        PL/pgSQL function private.crm_apply_contact_command(uuid,uuid) line 21 at SQL statement
        PL/pgSQL function private.crm_execute_contact_command(jsonb) line 99 at assignment
        PL/pgSQL function public.crm_submit_command(jsonb) line 5 at RETURN
        
      code: 'ERR_TEST_FAILURE'
      stack: |-
        file:///tmp/crm-m1-9dsvoqqk/tests/m1/harness/pg-session.mjs:62:44
        process.processTicksAndRejections (node:internal/process/task_queues:104:5)
        async PgSession.scalar (file:///tmp/crm-m1-9dsvoqqk/tests/m1/harness/pg-session.mjs:68:20)
        async PgSession.json (file:///tmp/crm-m1-9dsvoqqk/tests/m1/harness/pg-session.mjs:73:19)
        async actor (file:///tmp/crm-m1-9dsvoqqk/tests/m1/contact-runtime.integration.test.mjs:40:23)
        async file:///tmp/crm-m1-9dsvoqqk/tests/m1/contact-runtime.integration.test.mjs:465:15
        async TestContext.<anonymous> (file:///tmp/crm-m1-9dsvoqqk/tests/m1/contact-runtime.integration.test.mjs:203:11)
        async Test.run (node:internal/test_runner/test:1389:7)
        async TestContext.<anonymous> (file:///tmp/crm-m1-9dsvoqqk/tests/m1/contact-runtime.integration.test.mjs:463:5)
        async Test.run (node:internal/test_runner/test:1389:7)
      ...
    # Subtest: DB-B26: future/ambiguous times and incompatible channels never receive silent normalization
    not ok 26 - DB-B26: future/ambiguous times and incompatible channels never receive silent normalization
      ---
      duration_ms: 370.39025
      type: 'test'
      location: '/tmp/crm-m1-9dsvoqqk/tests/m1/contact-runtime.integration.test.mjs:202:35'
      failureType: 'testCodeFailure'
      error: |-
        42501: ERROR:  permission denied for table crm_contact_runtime
        CONTEXT:  SQL statement "select *                from private.crm_contact_runtime where lead_id=p_lead for update"
        PL/pgSQL function private.crm_apply_contact_command(uuid,uuid) line 21 at SQL statement
        PL/pgSQL function private.crm_execute_contact_command(jsonb) line 99 at assignment
        PL/pgSQL function public.crm_submit_command(jsonb) line 5 at RETURN
        
      code: 'ERR_TEST_FAILURE'
      stack: |-
        file:///tmp/crm-m1-9dsvoqqk/tests/m1/harness/pg-session.mjs:62:44
        process.processTicksAndRejections (node:internal/process/task_queues:104:5)
        async PgSession.scalar (file:///tmp/crm-m1-9dsvoqqk/tests/m1/harness/pg-session.mjs:68:20)
        async PgSession.json (file:///tmp/crm-m1-9dsvoqqk/tests/m1/harness/pg-session.mjs:73:19)
        async actor (file:///tmp/crm-m1-9dsvoqqk/tests/m1/contact-runtime.integration.test.mjs:40:23)
        async file:///tmp/crm-m1-9dsvoqqk/tests/m1/contact-runtime.integration.test.mjs:472:18
        async TestContext.<anonymous> (file:///tmp/crm-m1-9dsvoqqk/tests/m1/contact-runtime.integration.test.mjs:203:11)
        async Test.run (node:internal/test_runner/test:1389:7)
        async TestContext.<anonymous> (file:///tmp/crm-m1-9dsvoqqk/tests/m1/contact-runtime.integration.test.mjs:469:5)
        async Test.run (node:internal/test_runner/test:1389:7)
      ...
    # Subtest: DB-B27: late evidence survives and only explicit supervisor review grants delayed credit
    not ok 27 - DB-B27: late evidence survives and only explicit supervisor review grants delayed credit
      ---
      duration_ms: 2210.95777
      type: 'test'
      location: '/tmp/crm-m1-9dsvoqqk/tests/m1/contact-runtime.integration.test.mjs:202:35'
      failureType: 'testCodeFailure'
      error: |-
        42501: ERROR:  permission denied for table crm_contact_runtime
        CONTEXT:  SQL statement "select *                from private.crm_contact_runtime where lead_id=p_lead for update"
        PL/pgSQL function private.crm_apply_contact_command(uuid,uuid) line 21 at SQL statement
        PL/pgSQL function private.crm_execute_contact_command(jsonb) line 99 at assignment
        PL/pgSQL function public.crm_submit_command(jsonb) line 5 at RETURN
        
      code: 'ERR_TEST_FAILURE'
      stack: |-
        file:///tmp/crm-m1-9dsvoqqk/tests/m1/harness/pg-session.mjs:62:44
        process.processTicksAndRejections (node:internal/process/task_queues:104:5)
        async PgSession.scalar (file:///tmp/crm-m1-9dsvoqqk/tests/m1/harness/pg-session.mjs:68:20)
        async PgSession.json (file:///tmp/crm-m1-9dsvoqqk/tests/m1/harness/pg-session.mjs:73:19)
        async actor (file:///tmp/crm-m1-9dsvoqqk/tests/m1/contact-runtime.integration.test.mjs:40:23)
        async file:///tmp/crm-m1-9dsvoqqk/tests/m1/contact-runtime.integration.test.mjs:478:15
        async TestContext.<anonymous> (file:///tmp/crm-m1-9dsvoqqk/tests/m1/contact-runtime.integration.test.mjs:203:11)
        async Test.run (node:internal/test_runner/test:1389:7)
        async TestContext.<anonymous> (file:///tmp/crm-m1-9dsvoqqk/tests/m1/contact-runtime.integration.test.mjs:476:5)
        async Test.run (node:internal/test_runner/test:1389:7)
      ...
    # Subtest: DB-B28: older occurrence does not replace latest contact and remains historical evidence
    not ok 28 - DB-B28: older occurrence does not replace latest contact and remains historical evidence
      ---
      duration_ms: 318.90896
      type: 'test'
      location: '/tmp/crm-m1-9dsvoqqk/tests/m1/contact-runtime.integration.test.mjs:202:35'
      failureType: 'testCodeFailure'
      error: |-
        42501: ERROR:  permission denied for table crm_contact_runtime
        CONTEXT:  SQL statement "select *                from private.crm_contact_runtime where lead_id=p_lead for update"
        PL/pgSQL function private.crm_apply_contact_command(uuid,uuid) line 21 at SQL statement
        PL/pgSQL function private.crm_execute_contact_command(jsonb) line 99 at assignment
        PL/pgSQL function public.crm_submit_command(jsonb) line 5 at RETURN
        
      code: 'ERR_TEST_FAILURE'
      stack: |-
        file:///tmp/crm-m1-9dsvoqqk/tests/m1/harness/pg-session.mjs:62:44
        process.processTicksAndRejections (node:internal/process/task_queues:104:5)
        async PgSession.scalar (file:///tmp/crm-m1-9dsvoqqk/tests/m1/harness/pg-session.mjs:68:20)
        async PgSession.json (file:///tmp/crm-m1-9dsvoqqk/tests/m1/harness/pg-session.mjs:73:19)
        async actor (file:///tmp/crm-m1-9dsvoqqk/tests/m1/contact-runtime.integration.test.mjs:40:23)
        async file:///tmp/crm-m1-9dsvoqqk/tests/m1/contact-runtime.integration.test.mjs:491:68
        async TestContext.<anonymous> (file:///tmp/crm-m1-9dsvoqqk/tests/m1/contact-runtime.integration.test.mjs:203:11)
        async Test.run (node:internal/test_runner/test:1389:7)
        async TestContext.<anonymous> (file:///tmp/crm-m1-9dsvoqqk/tests/m1/contact-runtime.integration.test.mjs:490:5)
        async Test.run (node:internal/test_runner/test:1389:7)
      ...
    # Subtest: DB-B29: supervisor amendment is append-only, compensates credit and never reopens protocol
    not ok 29 - DB-B29: supervisor amendment is append-only, compensates credit and never reopens protocol
      ---
      duration_ms: 340.02139
      type: 'test'
      location: '/tmp/crm-m1-9dsvoqqk/tests/m1/contact-runtime.integration.test.mjs:202:35'
      failureType: 'testCodeFailure'
      error: |-
        42501: ERROR:  permission denied for table crm_contact_runtime
        CONTEXT:  SQL statement "select *                from private.crm_contact_runtime where lead_id=p_lead for update"
        PL/pgSQL function private.crm_apply_contact_command(uuid,uuid) line 21 at SQL statement
        PL/pgSQL function private.crm_execute_contact_command(jsonb) line 99 at assignment
        PL/pgSQL function public.crm_submit_command(jsonb) line 5 at RETURN
        
      code: 'ERR_TEST_FAILURE'
      stack: |-
        file:///tmp/crm-m1-9dsvoqqk/tests/m1/harness/pg-session.mjs:62:44
        process.processTicksAndRejections (node:internal/process/task_queues:104:5)
        async PgSession.scalar (file:///tmp/crm-m1-9dsvoqqk/tests/m1/harness/pg-session.mjs:68:20)
        async PgSession.json (file:///tmp/crm-m1-9dsvoqqk/tests/m1/harness/pg-session.mjs:73:19)
        async actor (file:///tmp/crm-m1-9dsvoqqk/tests/m1/contact-runtime.integration.test.mjs:40:23)
        async file:///tmp/crm-m1-9dsvoqqk/tests/m1/contact-runtime.integration.test.mjs:499:102
        async TestContext.<anonymous> (file:///tmp/crm-m1-9dsvoqqk/tests/m1/contact-runtime.integration.test.mjs:203:11)
        async Test.run (node:internal/test_runner/test:1389:7)
        async TestContext.<anonymous> (file:///tmp/crm-m1-9dsvoqqk/tests/m1/contact-runtime.integration.test.mjs:498:5)
        async Test.run (node:internal/test_runner/test:1389:7)
      ...
    # Subtest: DB-B30: one task and fact have at most one credit; inbound response does not invent call credit
    not ok 30 - DB-B30: one task and fact have at most one credit; inbound response does not invent call credit
      ---
      duration_ms: 344.89856
      type: 'test'
      location: '/tmp/crm-m1-9dsvoqqk/tests/m1/contact-runtime.integration.test.mjs:202:35'
      failureType: 'testCodeFailure'
      error: |-
        42501: ERROR:  permission denied for table crm_contact_runtime
        CONTEXT:  SQL statement "select *                from private.crm_contact_runtime where lead_id=p_lead for update"
        PL/pgSQL function private.crm_apply_contact_command(uuid,uuid) line 21 at SQL statement
        PL/pgSQL function private.crm_execute_contact_command(jsonb) line 99 at assignment
        PL/pgSQL function public.crm_submit_command(jsonb) line 5 at RETURN
        
      code: 'ERR_TEST_FAILURE'
      stack: |-
        file:///tmp/crm-m1-9dsvoqqk/tests/m1/harness/pg-session.mjs:62:44
        process.processTicksAndRejections (node:internal/process/task_queues:104:5)
        async PgSession.scalar (file:///tmp/crm-m1-9dsvoqqk/tests/m1/harness/pg-session.mjs:68:20)
        async PgSession.json (file:///tmp/crm-m1-9dsvoqqk/tests/m1/harness/pg-session.mjs:73:19)
        async actor (file:///tmp/crm-m1-9dsvoqqk/tests/m1/contact-runtime.integration.test.mjs:40:23)
        async file:///tmp/crm-m1-9dsvoqqk/tests/m1/contact-runtime.integration.test.mjs:512:15
        async TestContext.<anonymous> (file:///tmp/crm-m1-9dsvoqqk/tests/m1/contact-runtime.integration.test.mjs:203:11)
        async Test.run (node:internal/test_runner/test:1389:7)
        async TestContext.<anonymous> (file:///tmp/crm-m1-9dsvoqqk/tests/m1/contact-runtime.integration.test.mjs:510:5)
        async Test.run (node:internal/test_runner/test:1389:7)
      ...
    # Subtest: DB-B31: new action has stable identity, revision and explicit date without contact or stage
    not ok 31 - DB-B31: new action has stable identity, revision and explicit date without contact or stage
      ---
      duration_ms: 351.34552
      type: 'test'
      location: '/tmp/crm-m1-9dsvoqqk/tests/m1/contact-runtime.integration.test.mjs:202:35'
      failureType: 'testCodeFailure'
      error: |-
        42501: ERROR:  permission denied for table crm_contact_runtime
        CONTEXT:  SQL statement "select *                from private.crm_contact_runtime where lead_id=p_lead for update"
        PL/pgSQL function private.crm_apply_contact_command(uuid,uuid) line 21 at SQL statement
        PL/pgSQL function private.crm_execute_contact_command(jsonb) line 99 at assignment
        PL/pgSQL function public.crm_submit_command(jsonb) line 5 at RETURN
        
      code: 'ERR_TEST_FAILURE'
      stack: |-
        file:///tmp/crm-m1-9dsvoqqk/tests/m1/harness/pg-session.mjs:62:44
        process.processTicksAndRejections (node:internal/process/task_queues:104:5)
        async PgSession.scalar (file:///tmp/crm-m1-9dsvoqqk/tests/m1/harness/pg-session.mjs:68:20)
        async PgSession.json (file:///tmp/crm-m1-9dsvoqqk/tests/m1/harness/pg-session.mjs:73:19)
        async actor (file:///tmp/crm-m1-9dsvoqqk/tests/m1/contact-runtime.integration.test.mjs:40:23)
        async schedule (file:///tmp/crm-m1-9dsvoqqk/tests/m1/contact-runtime.integration.test.mjs:174:11)
        async file:///tmp/crm-m1-9dsvoqqk/tests/m1/contact-runtime.integration.test.mjs:519:76
        async TestContext.<anonymous> (file:///tmp/crm-m1-9dsvoqqk/tests/m1/contact-runtime.integration.test.mjs:203:11)
        async Test.run (node:internal/test_runner/test:1389:7)
        async TestContext.<anonymous> (file:///tmp/crm-m1-9dsvoqqk/tests/m1/contact-runtime.integration.test.mjs:518:5)
      ...
    # Subtest: DB-B32: reschedule and note editing preserve action identity and protocol history
    not ok 32 - DB-B32: reschedule and note editing preserve action identity and protocol history
      ---
      duration_ms: 340.20537
      type: 'test'
      location: '/tmp/crm-m1-9dsvoqqk/tests/m1/contact-runtime.integration.test.mjs:202:35'
      failureType: 'testCodeFailure'
      error: |-
        42501: ERROR:  permission denied for table crm_contact_runtime
        CONTEXT:  SQL statement "select *                from private.crm_contact_runtime where lead_id=p_lead for update"
        PL/pgSQL function private.crm_apply_contact_command(uuid,uuid) line 21 at SQL statement
        PL/pgSQL function private.crm_execute_contact_command(jsonb) line 99 at assignment
        PL/pgSQL function public.crm_submit_command(jsonb) line 5 at RETURN
        
      code: 'ERR_TEST_FAILURE'
      stack: |-
        file:///tmp/crm-m1-9dsvoqqk/tests/m1/harness/pg-session.mjs:62:44
        process.processTicksAndRejections (node:internal/process/task_queues:104:5)
        async PgSession.scalar (file:///tmp/crm-m1-9dsvoqqk/tests/m1/harness/pg-session.mjs:68:20)
        async PgSession.json (file:///tmp/crm-m1-9dsvoqqk/tests/m1/harness/pg-session.mjs:73:19)
        async actor (file:///tmp/crm-m1-9dsvoqqk/tests/m1/contact-runtime.integration.test.mjs:40:23)
        async schedule (file:///tmp/crm-m1-9dsvoqqk/tests/m1/contact-runtime.integration.test.mjs:174:11)
        async file:///tmp/crm-m1-9dsvoqqk/tests/m1/contact-runtime.integration.test.mjs:525:36
        async TestContext.<anonymous> (file:///tmp/crm-m1-9dsvoqqk/tests/m1/contact-runtime.integration.test.mjs:203:11)
        async Test.run (node:internal/test_runner/test:1389:7)
        async TestContext.<anonymous> (file:///tmp/crm-m1-9dsvoqqk/tests/m1/contact-runtime.integration.test.mjs:524:5)
      ...
    # Subtest: DB-B33: factual completion needs no invented date, but ordinary cancellation needs replacement
    not ok 33 - DB-B33: factual completion needs no invented date, but ordinary cancellation needs replacement
      ---
      duration_ms: 346.46754
      type: 'test'
      location: '/tmp/crm-m1-9dsvoqqk/tests/m1/contact-runtime.integration.test.mjs:202:35'
      failureType: 'testCodeFailure'
      error: |-
        42501: ERROR:  permission denied for table crm_contact_runtime
        CONTEXT:  SQL statement "select *                from private.crm_contact_runtime where lead_id=p_lead for update"
        PL/pgSQL function private.crm_apply_contact_command(uuid,uuid) line 21 at SQL statement
        PL/pgSQL function private.crm_execute_contact_command(jsonb) line 99 at assignment
        PL/pgSQL function public.crm_submit_command(jsonb) line 5 at RETURN
        
      code: 'ERR_TEST_FAILURE'
      stack: |-
        file:///tmp/crm-m1-9dsvoqqk/tests/m1/harness/pg-session.mjs:62:44
        process.processTicksAndRejections (node:internal/process/task_queues:104:5)
        async PgSession.scalar (file:///tmp/crm-m1-9dsvoqqk/tests/m1/harness/pg-session.mjs:68:20)
        async PgSession.json (file:///tmp/crm-m1-9dsvoqqk/tests/m1/harness/pg-session.mjs:73:19)
        async actor (file:///tmp/crm-m1-9dsvoqqk/tests/m1/contact-runtime.integration.test.mjs:40:23)
        async file:///tmp/crm-m1-9dsvoqqk/tests/m1/contact-runtime.integration.test.mjs:535:29
        async TestContext.<anonymous> (file:///tmp/crm-m1-9dsvoqqk/tests/m1/contact-runtime.integration.test.mjs:203:11)
        async Test.run (node:internal/test_runner/test:1389:7)
        async TestContext.<anonymous> (file:///tmp/crm-m1-9dsvoqqk/tests/m1/contact-runtime.integration.test.mjs:533:5)
        async Test.run (node:internal/test_runner/test:1389:7)
      ...
    # Subtest: DB-B34: explicit cancellation and replacement do not restart protocol or erase on omission
    not ok 34 - DB-B34: explicit cancellation and replacement do not restart protocol or erase on omission
      ---
      duration_ms: 347.3199
      type: 'test'
      location: '/tmp/crm-m1-9dsvoqqk/tests/m1/contact-runtime.integration.test.mjs:202:35'
      failureType: 'testCodeFailure'
      error: |-
        42501: ERROR:  permission denied for table crm_contact_runtime
        CONTEXT:  SQL statement "select *                from private.crm_contact_runtime where lead_id=p_lead for update"
        PL/pgSQL function private.crm_apply_contact_command(uuid,uuid) line 21 at SQL statement
        PL/pgSQL function private.crm_execute_contact_command(jsonb) line 99 at assignment
        PL/pgSQL function public.crm_submit_command(jsonb) line 5 at RETURN
        
      code: 'ERR_TEST_FAILURE'
      stack: |-
        file:///tmp/crm-m1-9dsvoqqk/tests/m1/harness/pg-session.mjs:62:44
        process.processTicksAndRejections (node:internal/process/task_queues:104:5)
        async PgSession.scalar (file:///tmp/crm-m1-9dsvoqqk/tests/m1/harness/pg-session.mjs:68:20)
        async PgSession.json (file:///tmp/crm-m1-9dsvoqqk/tests/m1/harness/pg-session.mjs:73:19)
        async actor (file:///tmp/crm-m1-9dsvoqqk/tests/m1/contact-runtime.integration.test.mjs:40:23)
        async schedule (file:///tmp/crm-m1-9dsvoqqk/tests/m1/contact-runtime.integration.test.mjs:174:11)
        async file:///tmp/crm-m1-9dsvoqqk/tests/m1/contact-runtime.integration.test.mjs:543:36
        async TestContext.<anonymous> (file:///tmp/crm-m1-9dsvoqqk/tests/m1/contact-runtime.integration.test.mjs:203:11)
        async Test.run (node:internal/test_runner/test:1389:7)
        async TestContext.<anonymous> (file:///tmp/crm-m1-9dsvoqqk/tests/m1/contact-runtime.integration.test.mjs:542:5)
      ...
    # Subtest: DB-B35: server clock observes deadline once while getter performs zero writes
    not ok 35 - DB-B35: server clock observes deadline once while getter performs zero writes
      ---
      duration_ms: 451.10159
      type: 'test'
      location: '/tmp/crm-m1-9dsvoqqk/tests/m1/contact-runtime.integration.test.mjs:202:35'
      failureType: 'testCodeFailure'
      error: |-
        42501: ERROR:  permission denied for table crm_contact_runtime
        CONTEXT:  SQL statement "select *                from private.crm_contact_runtime where lead_id=p_lead for update"
        PL/pgSQL function private.crm_apply_contact_command(uuid,uuid) line 21 at SQL statement
        PL/pgSQL function private.crm_execute_contact_command(jsonb) line 99 at assignment
        PL/pgSQL function public.crm_submit_command(jsonb) line 5 at RETURN
        
      code: 'ERR_TEST_FAILURE'
      stack: |-
        file:///tmp/crm-m1-9dsvoqqk/tests/m1/harness/pg-session.mjs:62:44
        process.processTicksAndRejections (node:internal/process/task_queues:104:5)
        async PgSession.scalar (file:///tmp/crm-m1-9dsvoqqk/tests/m1/harness/pg-session.mjs:68:20)
        async PgSession.json (file:///tmp/crm-m1-9dsvoqqk/tests/m1/harness/pg-session.mjs:73:19)
        async actor (file:///tmp/crm-m1-9dsvoqqk/tests/m1/contact-runtime.integration.test.mjs:40:23)
        async file:///tmp/crm-m1-9dsvoqqk/tests/m1/contact-runtime.integration.test.mjs:554:15
        async TestContext.<anonymous> (file:///tmp/crm-m1-9dsvoqqk/tests/m1/contact-runtime.integration.test.mjs:203:11)
        async Test.run (node:internal/test_runner/test:1389:7)
        async TestContext.<anonymous> (file:///tmp/crm-m1-9dsvoqqk/tests/m1/contact-runtime.integration.test.mjs:549:5)
        async Test.run (node:internal/test_runner/test:1389:7)
      ...
    # Subtest: DB-B36: rescheduling an overdue action retains old observation and advances revision
    not ok 36 - DB-B36: rescheduling an overdue action retains old observation and advances revision
      ---
      duration_ms: 333.87522
      type: 'test'
      location: '/tmp/crm-m1-9dsvoqqk/tests/m1/contact-runtime.integration.test.mjs:202:35'
      failureType: 'testCodeFailure'
      error: |-
        42501: ERROR:  permission denied for table crm_contact_runtime
        CONTEXT:  SQL statement "select *                from private.crm_contact_runtime where lead_id=p_lead for update"
        PL/pgSQL function private.crm_apply_contact_command(uuid,uuid) line 21 at SQL statement
        PL/pgSQL function private.crm_execute_contact_command(jsonb) line 99 at assignment
        PL/pgSQL function public.crm_submit_command(jsonb) line 5 at RETURN
        
      code: 'ERR_TEST_FAILURE'
      stack: |-
        file:///tmp/crm-m1-9dsvoqqk/tests/m1/harness/pg-session.mjs:62:44
        process.processTicksAndRejections (node:internal/process/task_queues:104:5)
        async PgSession.scalar (file:///tmp/crm-m1-9dsvoqqk/tests/m1/harness/pg-session.mjs:68:20)
        async PgSession.json (file:///tmp/crm-m1-9dsvoqqk/tests/m1/harness/pg-session.mjs:73:19)
        async actor (file:///tmp/crm-m1-9dsvoqqk/tests/m1/contact-runtime.integration.test.mjs:40:23)
        async file:///tmp/crm-m1-9dsvoqqk/tests/m1/contact-runtime.integration.test.mjs:561:15
        async TestContext.<anonymous> (file:///tmp/crm-m1-9dsvoqqk/tests/m1/contact-runtime.integration.test.mjs:203:11)
        async Test.run (node:internal/test_runner/test:1389:7)
        async TestContext.<anonymous> (file:///tmp/crm-m1-9dsvoqqk/tests/m1/contact-runtime.integration.test.mjs:559:5)
        async Test.run (node:internal/test_runner/test:1389:7)
      ...
    # Subtest: DB-B37: deep protected snapshot remains identical through contact/action/omission
    not ok 37 - DB-B37: deep protected snapshot remains identical through contact/action/omission
      ---
      duration_ms: 362.43608
      type: 'test'
      location: '/tmp/crm-m1-9dsvoqqk/tests/m1/contact-runtime.integration.test.mjs:202:35'
      failureType: 'testCodeFailure'
      error: |-
        42501: ERROR:  permission denied for table crm_contact_runtime
        CONTEXT:  SQL statement "select *                from private.crm_contact_runtime where lead_id=p_lead for update"
        PL/pgSQL function private.crm_apply_contact_command(uuid,uuid) line 21 at SQL statement
        PL/pgSQL function private.crm_execute_contact_command(jsonb) line 99 at assignment
        PL/pgSQL function public.crm_submit_command(jsonb) line 5 at RETURN
        
      code: 'ERR_TEST_FAILURE'
      stack: |-
        file:///tmp/crm-m1-9dsvoqqk/tests/m1/harness/pg-session.mjs:62:44
        process.processTicksAndRejections (node:internal/process/task_queues:104:5)
        async PgSession.scalar (file:///tmp/crm-m1-9dsvoqqk/tests/m1/harness/pg-session.mjs:68:20)
        async PgSession.json (file:///tmp/crm-m1-9dsvoqqk/tests/m1/harness/pg-session.mjs:73:19)
        async actor (file:///tmp/crm-m1-9dsvoqqk/tests/m1/contact-runtime.integration.test.mjs:40:23)
        async file:///tmp/crm-m1-9dsvoqqk/tests/m1/contact-runtime.integration.test.mjs:569:15
        async TestContext.<anonymous> (file:///tmp/crm-m1-9dsvoqqk/tests/m1/contact-runtime.integration.test.mjs:203:11)
        async Test.run (node:internal/test_runner/test:1389:7)
        async TestContext.<anonymous> (file:///tmp/crm-m1-9dsvoqqk/tests/m1/contact-runtime.integration.test.mjs:567:5)
        async Test.run (node:internal/test_runner/test:1389:7)
      ...
    # Subtest: DB-B38: opt-out atomically restricts linked customer and removes future work without stage
    not ok 38 - DB-B38: opt-out atomically restricts linked customer and removes future work without stage
      ---
      duration_ms: 368.75133
      type: 'test'
      location: '/tmp/crm-m1-9dsvoqqk/tests/m1/contact-runtime.integration.test.mjs:202:35'
      failureType: 'testCodeFailure'
      error: |-
        42501: ERROR:  permission denied for table crm_contact_runtime
        CONTEXT:  SQL statement "select *                from private.crm_contact_runtime where lead_id=p_lead for update"
        PL/pgSQL function private.crm_apply_contact_command(uuid,uuid) line 21 at SQL statement
        PL/pgSQL function private.crm_execute_contact_command(jsonb) line 99 at assignment
        PL/pgSQL function public.crm_submit_command(jsonb) line 5 at RETURN
        
      code: 'ERR_TEST_FAILURE'
      stack: |-
        file:///tmp/crm-m1-9dsvoqqk/tests/m1/harness/pg-session.mjs:62:44
        process.processTicksAndRejections (node:internal/process/task_queues:104:5)
        async PgSession.scalar (file:///tmp/crm-m1-9dsvoqqk/tests/m1/harness/pg-session.mjs:68:20)
        async PgSession.json (file:///tmp/crm-m1-9dsvoqqk/tests/m1/harness/pg-session.mjs:73:19)
        async actor (file:///tmp/crm-m1-9dsvoqqk/tests/m1/contact-runtime.integration.test.mjs:40:23)
        async schedule (file:///tmp/crm-m1-9dsvoqqk/tests/m1/contact-runtime.integration.test.mjs:174:11)
        async file:///tmp/crm-m1-9dsvoqqk/tests/m1/contact-runtime.integration.test.mjs:574:74
        async TestContext.<anonymous> (file:///tmp/crm-m1-9dsvoqqk/tests/m1/contact-runtime.integration.test.mjs:203:11)
        async Test.run (node:internal/test_runner/test:1389:7)
        async TestContext.<anonymous> (file:///tmp/crm-m1-9dsvoqqk/tests/m1/contact-runtime.integration.test.mjs:573:5)
      ...
    # Subtest: DB-B39: paused gate only admits restrictive opt-out without credit or new schedule
    not ok 39 - DB-B39: paused gate only admits restrictive opt-out without credit or new schedule
      ---
      duration_ms: 600.77915
      type: 'test'
      location: '/tmp/crm-m1-9dsvoqqk/tests/m1/contact-runtime.integration.test.mjs:202:35'
      failureType: 'testCodeFailure'
      error: |-
        42501: ERROR:  permission denied for table crm_contact_runtime
        CONTEXT:  SQL statement "select *                from private.crm_contact_runtime where lead_id=p_lead for update"
        PL/pgSQL function private.crm_apply_contact_command(uuid,uuid) line 21 at SQL statement
        PL/pgSQL function private.crm_execute_contact_command(jsonb) line 99 at assignment
        PL/pgSQL function public.crm_submit_command(jsonb) line 5 at RETURN
        
      code: 'ERR_TEST_FAILURE'
      stack: |-
        file:///tmp/crm-m1-9dsvoqqk/tests/m1/harness/pg-session.mjs:62:44
        process.processTicksAndRejections (node:internal/process/task_queues:104:5)
        async PgSession.scalar (file:///tmp/crm-m1-9dsvoqqk/tests/m1/harness/pg-session.mjs:68:20)
        async PgSession.json (file:///tmp/crm-m1-9dsvoqqk/tests/m1/harness/pg-session.mjs:73:19)
        async actor (file:///tmp/crm-m1-9dsvoqqk/tests/m1/contact-runtime.integration.test.mjs:40:23)
        async file:///tmp/crm-m1-9dsvoqqk/tests/m1/contact-runtime.integration.test.mjs:589:15
        async TestContext.<anonymous> (file:///tmp/crm-m1-9dsvoqqk/tests/m1/contact-runtime.integration.test.mjs:203:11)
        async Test.run (node:internal/test_runner/test:1389:7)
        async TestContext.<anonymous> (file:///tmp/crm-m1-9dsvoqqk/tests/m1/contact-runtime.integration.test.mjs:582:5)
        async Test.run (node:internal/test_runner/test:1389:7)
      ...
    # Subtest: DB-B40: incoherent customer identity fails without repair and no B operation lifts restriction
    not ok 40 - DB-B40: incoherent customer identity fails without repair and no B operation lifts restriction
      ---
      duration_ms: 139.59124
      type: 'test'
      location: '/tmp/crm-m1-9dsvoqqk/tests/m1/contact-runtime.integration.test.mjs:202:35'
      failureType: 'testCodeFailure'
      error: |-
        23502: ERROR:  null value in column "customer_id" of relation "leads" violates not-null constraint
        DETAIL:  Failing row contains (26643bed-0a51-4d11-bd96-0149ce691b90, 104100000040, Synthetic B contact fixture, whatsapp, null, null, follow_up, normal, , null, null, pending_supervisor, general_inbox, b104b000-0000-4000-8000-000000000001, b104b000-0000-4000-8000-000000000004, 2026-09-17 20:07:07.946552+00, 2026-09-18 20:07:07.946552+00, null, {"fixture": "contact-runtime", "synthetic": true}, 2026-09-18 20:07:07.946552+00, 2026-09-18 20:07:08.073237+00, null, null, , f, null, , f, null, ).
        
      code: 'ERR_TEST_FAILURE'
      stack: |-
        file:///tmp/crm-m1-9dsvoqqk/tests/m1/harness/pg-session.mjs:62:44
        process.processTicksAndRejections (node:internal/process/task_queues:104:5)
        async file:///tmp/crm-m1-9dsvoqqk/tests/m1/contact-runtime.integration.test.mjs:594:36
        async TestContext.<anonymous> (file:///tmp/crm-m1-9dsvoqqk/tests/m1/contact-runtime.integration.test.mjs:203:11)
        async Test.run (node:internal/test_runner/test:1389:7)
        async TestContext.<anonymous> (file:///tmp/crm-m1-9dsvoqqk/tests/m1/contact-runtime.integration.test.mjs:593:5)
        async Test.run (node:internal/test_runner/test:1389:7)
        async startSubtestAfterBootstrap (node:internal/test_runner/harness:387:3)
      ...
    # Subtest: DB-B41: 18+2 and historical 6+2 protocol IDs/windows survive adoption and transfer
    not ok 41 - DB-B41: 18+2 and historical 6+2 protocol IDs/windows survive adoption and transfer
      ---
      duration_ms: 364.34092
      type: 'test'
      location: '/tmp/crm-m1-9dsvoqqk/tests/m1/contact-runtime.integration.test.mjs:202:35'
      failureType: 'testCodeFailure'
      error: |-
        Expected values to be strictly deep-equal:
        + actual - expected
        ... Skipped lines
        
          [
            {
              band_attempt: 1,
              call_attempt: 1,
              channel: 'call',
        ...
              template_id: null,
        +     updated_at: '2026-09-18T20:07:08.237613+00:00'
        -     updated_at: '2026-09-18T20:07:08.088079+00:00'
            },
            {
              band_attempt: null,
              call_attempt: null,
              channel: 'whatsapp',
        ...
              template_id: null,
        +     updated_at: '2026-09-18T20:07:08.237613+00:00'
        -     updated_at: '2026-09-18T20:07:08.088079+00:00'
            },
            {
              band_attempt: 2,
              call_attempt: 2,
              channel: 'call',
        ...
              template_id: null,
        +     updated_at: '2026-09-18T20:07:08.237613+00:00'
        -     updated_at: '2026-09-18T20:07:08.088079+00:00'
            },
            {
              band_attempt: 1,
              call_attempt: 3,
              channel: 'call',
        ...
              template_id: null,
        +     updated_at: '2026-09-18T20:07:08.237613+00:00'
        -     updated_at: '2026-09-18T20:07:08.088079+00:00'
            },
            {
              band_attempt: 2,
              call_attempt: 4,
              channel: 'call',
        ...
              template_id: null,
        +     updated_at: '2026-09-18T20:07:08.237613+00:00'
        -     updated_at: '2026-09-18T20:07:08.088079+00:00'
            },
            {
              band_attempt: null,
              call_attempt: null,
              channel: 'whatsapp',
        ...
              template_id: null,
        +     updated_at: '2026-09-18T20:07:08.237613+00:00'
        -     updated_at: '2026-09-18T20:07:08.088079+00:00'
            },
            {
              band_attempt: 1,
              call_attempt: 5,
              channel: 'call',
        ...
              template_id: null,
        +     updated_at: '2026-09-18T20:07:08.237613+00:00'
        -     updated_at: '2026-09-18T20:07:08.088079+00:00'
            },
            {
              band_attempt: 2,
              call_attempt: 6,
              channel: 'call',
        ...
              template_id: null,
        +     updated_at: '2026-09-18T20:07:08.237613+00:00'
        -     updated_at: '2026-09-18T20:07:08.088079+00:00'
            },
            {
              band_attempt: 1,
              call_attempt: 7,
              channel: 'call',
        ...
              template_id: null,
        +     updated_at: '2026-09-18T20:07:08.237613+00:00'
        -     updated_at: '2026-09-18T20:07:08.088079+00:00'
            },
            {
              band_attempt: 2,
              call_attempt: 8,
              channel: 'call',
        ...
              template_id: null,
        +     updated_at: '2026-09-18T20:07:08.237613+00:00'
        -     updated_at: '2026-09-18T20:07:08.088079+00:00'
            },
            {
              band_attempt: 1,
              call_attempt: 9,
              channel: 'call',
        ...
              template_id: null,
        +     updated_at: '2026-09-18T20:07:08.237613+00:00'
        -     updated_at: '2026-09-18T20:07:08.088079+00:00'
            },
            {
              band_attempt: 2,
              call_attempt: 10,
              channel: 'call',
        ...
              template_id: null,
        +     updated_at: '2026-09-18T20:07:08.237613+00:00'
        -     updated_at: '2026-09-18T20:07:08.088079+00:00'
            },
            {
              band_attempt: 1,
              call_attempt: 11,
              channel: 'call',
        ...
              template_id: null,
        +     updated_at: '2026-09-18T20:07:08.237613+00:00'
        -     updated_at: '2026-09-18T20:07:08.088079+00:00'
            },
            {
              band_attempt: 2,
              call_attempt: 12,
              channel: 'call',
        ...
              template_id: null,
        +     updated_at: '2026-09-18T20:07:08.237613+00:00'
        -     updated_at: '2026-09-18T20:07:08.088079+00:00'
            },
            {
              band_attempt: 1,
              call_attempt: 13,
              channel: 'call',
        ...
              template_id: null,
        +     updated_at: '2026-09-18T20:07:08.237613+00:00'
        -     updated_at: '2026-09-18T20:07:08.088079+00:00'
            },
            {
              band_attempt: 2,
              call_attempt: 14,
              channel: 'call',
        ...
              template_id: null,
        +     updated_at: '2026-09-18T20:07:08.237613+00:00'
        -     updated_at: '2026-09-18T20:07:08.088079+00:00'
            },
            {
              band_attempt: 1,
              call_attempt: 15,
              channel: 'call',
        ...
              template_id: null,
        +     updated_at: '2026-09-18T20:07:08.237613+00:00'
        -     updated_at: '2026-09-18T20:07:08.088079+00:00'
            },
            {
              band_attempt: 2,
              call_attempt: 16,
              channel: 'call',
        ...
              template_id: null,
        +     updated_at: '2026-09-18T20:07:08.237613+00:00'
        -     updated_at: '2026-09-18T20:07:08.088079+00:00'
            },
            {
              band_attempt: 1,
              call_attempt: 17,
              channel: 'call',
        ...
              template_id: null,
        +     updated_at: '2026-09-18T20:07:08.237613+00:00'
        -     updated_at: '2026-09-18T20:07:08.088079+00:00'
            },
            {
              band_attempt: 2,
              call_attempt: 18,
              channel: 'call',
        ...
              template_id: null,
        +     updated_at: '2026-09-18T20:07:08.237613+00:00'
        -     updated_at: '2026-09-18T20:07:08.088079+00:00'
            }
          ]
        
      code: 'ERR_ASSERTION'
      name: 'AssertionError'
      expected:
        0:
          id: 'd9fdf1a3-1b2d-4be4-802b-d1dd7cc4783e'
          note: ''
          status: 'pending'
          channel: 'call'
          due_end: '2026-09-18T22:00:00+00:00'
          lead_id: '455b5a21-c349-4d5e-b384-fb702541b350'
          outcome: ''
          due_start: '2026-09-18T20:07:08.088079+00:00'
          created_at: '2026-09-18T20:07:08.088079+00:00'
          updated_at: '2026-09-18T20:07:08.088079+00:00'
          recorded_at: ~
          sequence_id: 'cedbaf22-9c53-437c-b552-87b5601ab8a7'
          template_id: ~
          band_attempt: 1
          call_attempt: 1
          completed_at: ~
          completed_by: ~
          message_step: ~
          performed_at: ~
          protocol_day: 1
          protocol_band: '17-19'
          seller_user_id: 'b104b000-0000-4000-8000-000000000001'
          sequence_order: 1
        1:
          id: '99dcef74-b6ea-4a67-9f13-af1fcbe3f524'
          note: ''
          status: 'scheduled'
          channel: 'whatsapp'
          due_end: '2026-09-18T22:00:00+00:00'
          lead_id: '455b5a21-c349-4d5e-b384-fb702541b350'
          outcome: ''
          due_start: '2026-09-18T20:07:08.088079+00:00'
          created_at: '2026-09-18T20:07:08.088079+00:00'
          updated_at: '2026-09-18T20:07:08.088079+00:00'
          recorded_at: ~
          sequence_id: 'cedbaf22-9c53-437c-b552-87b5601ab8a7'
          template_id: ~
          band_attempt: ~
          call_attempt: ~
          completed_at: ~
          completed_by: ~
          message_step: 1
          performed_at: ~
          protocol_day: 1
          protocol_band: '17-19'
          seller_user_id: 'b104b000-0000-4000-8000-000000000001'
          sequence_order: 2
        2:
          id: '5979f7ff-3e95-4547-86f1-3a066db8ea91'
          note: ''
          status: 'scheduled'
          channel: 'call'
          due_end: '2026-09-18T22:00:00+00:00'
          lead_id: '455b5a21-c349-4d5e-b384-fb702541b350'
          outcome: ''
          due_start: '2026-09-18T20:07:08.088079+00:00'
          created_at: '2026-09-18T20:07:08.088079+00:00'
          updated_at: '2026-09-18T20:07:08.088079+00:00'
          recorded_at: ~
          sequence_id: 'cedbaf22-9c53-437c-b552-87b5601ab8a7'
          template_id: ~
          band_attempt: 2
          call_attempt: 2
          completed_at: ~
          completed_by: ~
          message_step: ~
          performed_at: ~
          protocol_day: 1
          protocol_band: '17-19'
          seller_user_id: 'b104b000-0000-4000-8000-000000000001'
          sequence_order: 3
        3:
          id: '31a81561-02ed-4379-bbde-6dacb41eab5d'
          note: ''
          status: 'scheduled'
          channel: 'call'
          due_end: '2026-09-19T15:00:00+00:00'
          lead_id: '455b5a21-c349-4d5e-b384-fb702541b350'
          outcome: ''
          due_start: '2026-09-19T13:00:00+00:00'
          created_at: '2026-09-18T20:07:08.088079+00:00'
          updated_at: '2026-09-18T20:07:08.088079+00:00'
          recorded_at: ~
          sequence_id: 'cedbaf22-9c53-437c-b552-87b5601ab8a7'
          template_id: ~
          band_attempt: 1
          call_attempt: 3
          completed_at: ~
          completed_by: ~
          message_step: ~
          performed_at: ~
          protocol_day: 2
          protocol_band: '10-12'
          seller_user_id: 'b104b000-0000-4000-8000-000000000001'
          sequence_order: 4
        4:
          id: '6603c7fc-10a4-438d-b33f-f07c5b57feb6'
          note: ''
          status: 'scheduled'
          channel: 'call'
          due_end: '2026-09-19T15:00:00+00:00'
          lead_id: '455b5a21-c349-4d5e-b384-fb702541b350'
          outcome: ''
          due_start: '2026-09-19T13:00:00+00:00'
          created_at: '2026-09-18T20:07:08.088079+00:00'
          updated_at: '2026-09-18T20:07:08.088079+00:00'
          recorded_at: ~
          sequence_id: 'cedbaf22-9c53-437c-b552-87b5601ab8a7'
          template_id: ~
          band_attempt: 2
          call_attempt: 4
          completed_at: ~
          completed_by: ~
          message_step: ~
          performed_at: ~
          protocol_day: 2
          protocol_band: '10-12'
          seller_user_id: 'b104b000-0000-4000-8000-000000000001'
          sequence_order: 5
        5:
          id: '3590194b-b1e2-4465-bd9c-118f341e1059'
          note: ''
          status: 'scheduled'
          channel: 'whatsapp'
          due_end: '2026-09-19T15:00:00+00:00'
          lead_id: '455b5a21-c349-4d5e-b384-fb702541b350'
          outcome: ''
          due_start: '2026-09-19T13:00:00+00:00'
          created_at: '2026-09-18T20:07:08.088079+00:00'
          updated_at: '2026-09-18T20:07:08.088079+00:00'
          recorded_at: ~
          sequence_id: 'cedbaf22-9c53-437c-b552-87b5601ab8a7'
          template_id: ~
          band_attempt: ~
          call_attempt: ~
          completed_at: ~
          completed_by: ~
          message_step: 2
          performed_at: ~
          protocol_day: 2
          protocol_band: '10-12'
          seller_user_id: 'b104b000-0000-4000-8000-000000000001'
          sequence_order: 6
        6:
          id: '7052e7e2-3e24-4a95-8fc1-b7fc8346cf8a'
          note: ''
          status: 'scheduled'
          channel: 'call'
          due_end: '2026-09-19T19:00:00+00:00'
          lead_id: '455b5a21-c349-4d5e-b384-fb702541b350'
          outcome: ''
          due_start: '2026-09-19T17:00:00+00:00'
          created_at: '2026-09-18T20:07:08.088079+00:00'
          updated_at: '2026-09-18T20:07:08.088079+00:00'
          recorded_at: ~
          sequence_id: 'cedbaf22-9c53-437c-b552-87b5601ab8a7'
          template_id: ~
          band_attempt: 1
          call_attempt: 5
          completed_at: ~
          completed_by: ~
          message_step: ~
          performed_at: ~
          protocol_day: 2
          protocol_band: '14-16'
          seller_user_id: 'b104b000-0000-4000-8000-000000000001'
          sequence_order: 7
        7:
          id: '656dc13f-846d-4bdb-84d5-4dc6750479a1'
          note: ''
          status: 'scheduled'
          channel: 'call'
          due_end: '2026-09-19T19:00:00+00:00'
          lead_id: '455b5a21-c349-4d5e-b384-fb702541b350'
          outcome: ''
          due_start: '2026-09-19T17:00:00+00:00'
          created_at: '2026-09-18T20:07:08.088079+00:00'
          updated_at: '2026-09-18T20:07:08.088079+00:00'
          recorded_at: ~
          sequence_id: 'cedbaf22-9c53-437c-b552-87b5601ab8a7'
          template_id: ~
          band_attempt: 2
          call_attempt: 6
          completed_at: ~
          completed_by: ~
          message_step: ~
          performed_at: ~
          protocol_day: 2
          protocol_band: '14-16'
          seller_user_id: 'b104b000-0000-4000-8000-000000000001'
          sequence_order: 8
        8:
          id: 'dd6e847b-dc09-4341-b678-f4eeac9736dc'
          note: ''
          status: 'scheduled'
          channel: 'call'
          due_end: '2026-09-21T15:00:00+00:00'
          lead_id: '455b5a21-c349-4d5e-b384-fb702541b350'
          outcome: ''
          due_start: '2026-09-21T13:00:00+00:00'
          created_at: '2026-09-18T20:07:08.088079+00:00'
          updated_at: '2026-09-18T20:07:08.088079+00:00'
          recorded_at: ~
          sequence_id: 'cedbaf22-9c53-437c-b552-87b5601ab8a7'
          template_id: ~
          band_attempt: 1
          call_attempt: 7
          completed_at: ~
          completed_by: ~
          message_step: ~
          performed_at: ~
          protocol_day: 3
          protocol_band: '10-12'
          seller_user_id: 'b104b000-0000-4000-8000-000000000001'
          sequence_order: 9
        9:
          id: '72ffcbe7-8ba0-4bdf-9491-4fc9ccb798c6'
          note: ''
          status: 'scheduled'
          channel: 'call'
          due_end: '2026-09-21T15:00:00+00:00'
          lead_id: '455b5a21-c349-4d5e-b384-fb702541b350'
          outcome: ''
          due_start: '2026-09-21T13:00:00+00:00'
          created_at: '2026-09-18T20:07:08.088079+00:00'
          updated_at: '2026-09-18T20:07:08.088079+00:00'
          recorded_at: ~
          sequence_id: 'cedbaf22-9c53-437c-b552-87b5601ab8a7'
          template_id: ~
          band_attempt: 2
          call_attempt: 8
          completed_at: ~
          completed_by: ~
          message_step: ~
          performed_at: ~
          protocol_day: 3
          protocol_band: '10-12'
          seller_user_id: 'b104b000-0000-4000-8000-000000000001'
          sequence_order: 10
        10:
          id: '1ae808c9-59ff-4331-9892-832b0b8ca26d'
          note: ''
          status: 'scheduled'
          channel: 'call'
          due_end: '2026-09-21T19:00:00+00:00'
          lead_id: '455b5a21-c349-4d5e-b384-fb702541b350'
          outcome: ''
          due_start: '2026-09-21T17:00:00+00:00'
          created_at: '2026-09-18T20:07:08.088079+00:00'
          updated_at: '2026-09-18T20:07:08.088079+00:00'
          recorded_at: ~
          sequence_id: 'cedbaf22-9c53-437c-b552-87b5601ab8a7'
          template_id: ~
          band_attempt: 1
          call_attempt: 9
          completed_at: ~
          completed_by: ~
          message_step: ~
          performed_at: ~
          protocol_day: 3
          protocol_band: '14-16'
          seller_user_id: 'b104b000-0000-4000-8000-000000000001'
          sequence_order: 11
        11:
          id: '0ca8ae45-a50e-464a-a091-658219fcb3e7'
          note: ''
          status: 'scheduled'
          channel: 'call'
          due_end: '2026-09-21T19:00:00+00:00'
          lead_id: '455b5a21-c349-4d5e-b384-fb702541b350'
          outcome: ''
          due_start: '2026-09-21T17:00:00+00:00'
          created_at: '2026-09-18T20:07:08.088079+00:00'
          updated_at: '2026-09-18T20:07:08.088079+00:00'
          recorded_at: ~
          sequence_id: 'cedbaf22-9c53-437c-b552-87b5601ab8a7'
          template_id: ~
          band_attempt: 2
          call_attempt: 10
          completed_at: ~
          completed_by: ~
          message_step: ~
          performed_at: ~
          protocol_day: 3
          protocol_band: '14-16'
          seller_user_id: 'b104b000-0000-4000-8000-000000000001'
          sequence_order: 12
        12:
          id: 'b9eea6f4-a6db-4a49-907d-8ed9bdd9f750'
          note: ''
          status: 'scheduled'
          channel: 'call'
          due_end: '2026-09-21T22:00:00+00:00'
          lead_id: '455b5a21-c349-4d5e-b384-fb702541b350'
          outcome: ''
          due_start: '2026-09-21T20:00:00+00:00'
          created_at: '2026-09-18T20:07:08.088079+00:00'
          updated_at: '2026-09-18T20:07:08.088079+00:00'
          recorded_at: ~
          sequence_id: 'cedbaf22-9c53-437c-b552-87b5601ab8a7'
          template_id: ~
          band_attempt: 1
          call_attempt: 11
          completed_at: ~
          completed_by: ~
          message_step: ~
          performed_at: ~
          protocol_day: 3
          protocol_band: '17-19'
          seller_user_id: 'b104b000-0000-4000-8000-000000000001'
          sequence_order: 13
        13:
          id: '75749df7-1085-471c-aa5e-b22d9f60c803'
          note: ''
          status: 'scheduled'
          channel: 'call'
          due_end: '2026-09-21T22:00:00+00:00'
          lead_id: '455b5a21-c349-4d5e-b384-fb702541b350'
          outcome: ''
          due_start: '2026-09-21T20:00:00+00:00'
          created_at: '2026-09-18T20:07:08.088079+00:00'
          updated_at: '2026-09-18T20:07:08.088079+00:00'
          recorded_at: ~
          sequence_id: 'cedbaf22-9c53-437c-b552-87b5601ab8a7'
          template_id: ~
          band_attempt: 2
          call_attempt: 12
          completed_at: ~
          completed_by: ~
          message_step: ~
          performed_at: ~
          protocol_day: 3
          protocol_band: '17-19'
          seller_user_id: 'b104b000-0000-4000-8000-000000000001'
          sequence_order: 14
        14:
          id: 'bdf5be31-14a0-45ce-853f-7e2d63bacc27'
          note: ''
          status: 'scheduled'
          channel: 'call'
          due_end: '2026-09-22T15:00:00+00:00'
          lead_id: '455b5a21-c349-4d5e-b384-fb702541b350'
          outcome: ''
          due_start: '2026-09-22T13:00:00+00:00'
          created_at: '2026-09-18T20:07:08.088079+00:00'
          updated_at: '2026-09-18T20:07:08.088079+00:00'
          recorded_at: ~
          sequence_id: 'cedbaf22-9c53-437c-b552-87b5601ab8a7'
          template_id: ~
          band_attempt: 1
          call_attempt: 13
          completed_at: ~
          completed_by: ~
          message_step: ~
          performed_at: ~
          protocol_day: 4
          protocol_band: '10-12'
          seller_user_id: 'b104b000-0000-4000-8000-000000000001'
          sequence_order: 15
        15:
          id: 'fc3828ad-65c9-40a9-bc12-955a0a40cca8'
          note: ''
          status: 'scheduled'
          channel: 'call'
          due_end: '2026-09-22T15:00:00+00:00'
          lead_id: '455b5a21-c349-4d5e-b384-fb702541b350'
          outcome: ''
          due_start: '2026-09-22T13:00:00+00:00'
          created_at: '2026-09-18T20:07:08.088079+00:00'
          updated_at: '2026-09-18T20:07:08.088079+00:00'
          recorded_at: ~
          sequence_id: 'cedbaf22-9c53-437c-b552-87b5601ab8a7'
          template_id: ~
          band_attempt: 2
          call_attempt: 14
          completed_at: ~
          completed_by: ~
          message_step: ~
          performed_at: ~
          protocol_day: 4
          protocol_band: '10-12'
          seller_user_id: 'b104b000-0000-4000-8000-000000000001'
          sequence_order: 16
        16:
          id: 'd08f9cdd-c5c5-4660-88a8-bd4621680e9c'
          note: ''
          status: 'scheduled'
          channel: 'call'
          due_end: '2026-09-22T19:00:00+00:00'
          lead_id: '455b5a21-c349-4d5e-b384-fb702541b350'
          outcome: ''
          due_start: '2026-09-22T17:00:00+00:00'
          created_at: '2026-09-18T20:07:08.088079+00:00'
          updated_at: '2026-09-18T20:07:08.088079+00:00'
          recorded_at: ~
          sequence_id: 'cedbaf22-9c53-437c-b552-87b5601ab8a7'
          template_id: ~
          band_attempt: 1
          call_attempt: 15
          completed_at: ~
          completed_by: ~
          message_step: ~
          performed_at: ~
          protocol_day: 4
          protocol_band: '14-16'
          seller_user_id: 'b104b000-0000-4000-8000-000000000001'
          sequence_order: 17
        17:
          id: '34f2331f-98cd-48e7-a75d-b7f1de824008'
          note: ''
          status: 'scheduled'
          channel: 'call'
          due_end: '2026-09-22T19:00:00+00:00'
          lead_id: '455b5a21-c349-4d5e-b384-fb702541b350'
          outcome: ''
          due_start: '2026-09-22T17:00:00+00:00'
          created_at: '2026-09-18T20:07:08.088079+00:00'
          updated_at: '2026-09-18T20:07:08.088079+00:00'
          recorded_at: ~
          sequence_id: 'cedbaf22-9c53-437c-b552-87b5601ab8a7'
          template_id: ~
          band_attempt: 2
          call_attempt: 16
          completed_at: ~
          completed_by: ~
          message_step: ~
          performed_at: ~
          protocol_day: 4
          protocol_band: '14-16'
          seller_user_id: 'b104b000-0000-4000-8000-000000000001'
          sequence_order: 18
        18:
          id: '7dbb423c-340d-489c-8c0a-e6116a516f59'
          note: ''
          status: 'scheduled'
          channel: 'call'
          due_end: '2026-09-22T22:00:00+00:00'
          lead_id: '455b5a21-c349-4d5e-b384-fb702541b350'
          outcome: ''
          due_start: '2026-09-22T20:00:00+00:00'
          created_at: '2026-09-18T20:07:08.088079+00:00'
          updated_at: '2026-09-18T20:07:08.088079+00:00'
          recorded_at: ~
          sequence_id: 'cedbaf22-9c53-437c-b552-87b5601ab8a7'
          template_id: ~
          band_attempt: 1
          call_attempt: 17
          completed_at: ~
          completed_by: ~
          message_step: ~
          performed_at: ~
          protocol_day: 4
          protocol_band: '17-19'
          seller_user_id: 'b104b000-0000-4000-8000-000000000001'
          sequence_order: 19
        19:
          id: 'c704061a-1261-4499-9819-66ba5d945e21'
          note: ''
          status: 'scheduled'
          channel: 'call'
          due_end: '2026-09-22T22:00:00+00:00'
          lead_id: '455b5a21-c349-4d5e-b384-fb702541b350'
          outcome: ''
          due_start: '2026-09-22T20:00:00+00:00'
          created_at: '2026-09-18T20:07:08.088079+00:00'
          updated_at: '2026-09-18T20:07:08.088079+00:00'
          recorded_at: ~
          sequence_id: 'cedbaf22-9c53-437c-b552-87b5601ab8a7'
          template_id: ~
          band_attempt: 2
          call_attempt: 18
          completed_at: ~
          completed_by: ~
          message_step: ~
          performed_at: ~
          protocol_day: 4
          protocol_band: '17-19'
          seller_user_id: 'b104b000-0000-4000-8000-000000000001'
          sequence_order: 20
      actual:
        0:
          id: 'd9fdf1a3-1b2d-4be4-802b-d1dd7cc4783e'
          note: ''
          status: 'pending'
          channel: 'call'
          due_end: '2026-09-18T22:00:00+00:00'
          lead_id: '455b5a21-c349-4d5e-b384-fb702541b350'
          outcome: ''
          due_start: '2026-09-18T20:07:08.088079+00:00'
          created_at: '2026-09-18T20:07:08.088079+00:00'
          updated_at: '2026-09-18T20:07:08.237613+00:00'
          recorded_at: ~
          sequence_id: 'cedbaf22-9c53-437c-b552-87b5601ab8a7'
          template_id: ~
          band_attempt: 1
          call_attempt: 1
          completed_at: ~
          completed_by: ~
          message_step: ~
          performed_at: ~
          protocol_day: 1
          protocol_band: '17-19'
          seller_user_id: 'b104b000-0000-4000-8000-000000000001'
          sequence_order: 1
        1:
          id: '99dcef74-b6ea-4a67-9f13-af1fcbe3f524'
          note: ''
          status: 'scheduled'
          channel: 'whatsapp'
          due_end: '2026-09-18T22:00:00+00:00'
          lead_id: '455b5a21-c349-4d5e-b384-fb702541b350'
          outcome: ''
          due_start: '2026-09-18T20:07:08.088079+00:00'
          created_at: '2026-09-18T20:07:08.088079+00:00'
          updated_at: '2026-09-18T20:07:08.237613+00:00'
          recorded_at: ~
          sequence_id: 'cedbaf22-9c53-437c-b552-87b5601ab8a7'
          template_id: ~
          band_attempt: ~
          call_attempt: ~
          completed_at: ~
          completed_by: ~
          message_step: 1
          performed_at: ~
          protocol_day: 1
          protocol_band: '17-19'
          seller_user_id: 'b104b000-0000-4000-8000-000000000001'
          sequence_order: 2
        2:
          id: '5979f7ff-3e95-4547-86f1-3a066db8ea91'
          note: ''
          status: 'scheduled'
          channel: 'call'
          due_end: '2026-09-18T22:00:00+00:00'
          lead_id: '455b5a21-c349-4d5e-b384-fb702541b350'
          outcome: ''
          due_start: '2026-09-18T20:07:08.088079+00:00'
          created_at: '2026-09-18T20:07:08.088079+00:00'
          updated_at: '2026-09-18T20:07:08.237613+00:00'
          recorded_at: ~
          sequence_id: 'cedbaf22-9c53-437c-b552-87b5601ab8a7'
          template_id: ~
          band_attempt: 2
          call_attempt: 2
          completed_at: ~
          completed_by: ~
          message_step: ~
          performed_at: ~
          protocol_day: 1
          protocol_band: '17-19'
          seller_user_id: 'b104b000-0000-4000-8000-000000000001'
          sequence_order: 3
        3:
          id: '31a81561-02ed-4379-bbde-6dacb41eab5d'
          note: ''
          status: 'scheduled'
          channel: 'call'
          due_end: '2026-09-19T15:00:00+00:00'
          lead_id: '455b5a21-c349-4d5e-b384-fb702541b350'
          outcome: ''
          due_start: '2026-09-19T13:00:00+00:00'
          created_at: '2026-09-18T20:07:08.088079+00:00'
          updated_at: '2026-09-18T20:07:08.237613+00:00'
          recorded_at: ~
          sequence_id: 'cedbaf22-9c53-437c-b552-87b5601ab8a7'
          template_id: ~
          band_attempt: 1
          call_attempt: 3
          completed_at: ~
          completed_by: ~
          message_step: ~
          performed_at: ~
          protocol_day: 2
          protocol_band: '10-12'
          seller_user_id: 'b104b000-0000-4000-8000-000000000001'
          sequence_order: 4
        4:
          id: '6603c7fc-10a4-438d-b33f-f07c5b57feb6'
          note: ''
          status: 'scheduled'
          channel: 'call'
          due_end: '2026-09-19T15:00:00+00:00'
          lead_id: '455b5a21-c349-4d5e-b384-fb702541b350'
          outcome: ''
          due_start: '2026-09-19T13:00:00+00:00'
          created_at: '2026-09-18T20:07:08.088079+00:00'
          updated_at: '2026-09-18T20:07:08.237613+00:00'
          recorded_at: ~
          sequence_id: 'cedbaf22-9c53-437c-b552-87b5601ab8a7'
          template_id: ~
          band_attempt: 2
          call_attempt: 4
          completed_at: ~
          completed_by: ~
          message_step: ~
          performed_at: ~
          protocol_day: 2
          protocol_band: '10-12'
          seller_user_id: 'b104b000-0000-4000-8000-000000000001'
          sequence_order: 5
        5:
          id: '3590194b-b1e2-4465-bd9c-118f341e1059'
          note: ''
          status: 'scheduled'
          channel: 'whatsapp'
          due_end: '2026-09-19T15:00:00+00:00'
          lead_id: '455b5a21-c349-4d5e-b384-fb702541b350'
          outcome: ''
          due_start: '2026-09-19T13:00:00+00:00'
          created_at: '2026-09-18T20:07:08.088079+00:00'
          updated_at: '2026-09-18T20:07:08.237613+00:00'
          recorded_at: ~
          sequence_id: 'cedbaf22-9c53-437c-b552-87b5601ab8a7'
          template_id: ~
          band_attempt: ~
          call_attempt: ~
          completed_at: ~
          completed_by: ~
          message_step: 2
          performed_at: ~
          protocol_day: 2
          protocol_band: '10-12'
          seller_user_id: 'b104b000-0000-4000-8000-000000000001'
          sequence_order: 6
        6:
          id: '7052e7e2-3e24-4a95-8fc1-b7fc8346cf8a'
          note: ''
          status: 'scheduled'
          channel: 'call'
          due_end: '2026-09-19T19:00:00+00:00'
          lead_id: '455b5a21-c349-4d5e-b384-fb702541b350'
          outcome: ''
          due_start: '2026-09-19T17:00:00+00:00'
          created_at: '2026-09-18T20:07:08.088079+00:00'
          updated_at: '2026-09-18T20:07:08.237613+00:00'
          recorded_at: ~
          sequence_id: 'cedbaf22-9c53-437c-b552-87b5601ab8a7'
          template_id: ~
          band_attempt: 1
          call_attempt: 5
          completed_at: ~
          completed_by: ~
          message_step: ~
          performed_at: ~
          protocol_day: 2
          protocol_band: '14-16'
          seller_user_id: 'b104b000-0000-4000-8000-000000000001'
          sequence_order: 7
        7:
          id: '656dc13f-846d-4bdb-84d5-4dc6750479a1'
          note: ''
          status: 'scheduled'
          channel: 'call'
          due_end: '2026-09-19T19:00:00+00:00'
          lead_id: '455b5a21-c349-4d5e-b384-fb702541b350'
          outcome: ''
          due_start: '2026-09-19T17:00:00+00:00'
          created_at: '2026-09-18T20:07:08.088079+00:00'
          updated_at: '2026-09-18T20:07:08.237613+00:00'
          recorded_at: ~
          sequence_id: 'cedbaf22-9c53-437c-b552-87b5601ab8a7'
          template_id: ~
          band_attempt: 2
          call_attempt: 6
          completed_at: ~
          completed_by: ~
          message_step: ~
          performed_at: ~
          protocol_day: 2
          protocol_band: '14-16'
          seller_user_id: 'b104b000-0000-4000-8000-000000000001'
          sequence_order: 8
        8:
          id: 'dd6e847b-dc09-4341-b678-f4eeac9736dc'
          note: ''
          status: 'scheduled'
          channel: 'call'
          due_end: '2026-09-21T15:00:00+00:00'
          lead_id: '455b5a21-c349-4d5e-b384-fb702541b350'
          outcome: ''
          due_start: '2026-09-21T13:00:00+00:00'
          created_at: '2026-09-18T20:07:08.088079+00:00'
          updated_at: '2026-09-18T20:07:08.237613+00:00'
          recorded_at: ~
          sequence_id: 'cedbaf22-9c53-437c-b552-87b5601ab8a7'
          template_id: ~
          band_attempt: 1
          call_attempt: 7
          completed_at: ~
          completed_by: ~
          message_step: ~
          performed_at: ~
          protocol_day: 3
          protocol_band: '10-12'
          seller_user_id: 'b104b000-0000-4000-8000-000000000001'
          sequence_order: 9
        9:
          id: '72ffcbe7-8ba0-4bdf-9491-4fc9ccb798c6'
          note: ''
          status: 'scheduled'
          channel: 'call'
          due_end: '2026-09-21T15:00:00+00:00'
          lead_id: '455b5a21-c349-4d5e-b384-fb702541b350'
          outcome: ''
          due_start: '2026-09-21T13:00:00+00:00'
          created_at: '2026-09-18T20:07:08.088079+00:00'
          updated_at: '2026-09-18T20:07:08.237613+00:00'
          recorded_at: ~
          sequence_id: 'cedbaf22-9c53-437c-b552-87b5601ab8a7'
          template_id: ~
          band_attempt: 2
          call_attempt: 8
          completed_at: ~
          completed_by: ~
          message_step: ~
          performed_at: ~
          protocol_day: 3
          protocol_band: '10-12'
          seller_user_id: 'b104b000-0000-4000-8000-000000000001'
          sequence_order: 10
        10:
          id: '1ae808c9-59ff-4331-9892-832b0b8ca26d'
          note: ''
          status: 'scheduled'
          channel: 'call'
          due_end: '2026-09-21T19:00:00+00:00'
          lead_id: '455b5a21-c349-4d5e-b384-fb702541b350'
          outcome: ''
          due_start: '2026-09-21T17:00:00+00:00'
          created_at: '2026-09-18T20:07:08.088079+00:00'
          updated_at: '2026-09-18T20:07:08.237613+00:00'
          recorded_at: ~
          sequence_id: 'cedbaf22-9c53-437c-b552-87b5601ab8a7'
          template_id: ~
          band_attempt: 1
          call_attempt: 9
          completed_at: ~
          completed_by: ~
          message_step: ~
          performed_at: ~
          protocol_day: 3
          protocol_band: '14-16'
          seller_user_id: 'b104b000-0000-4000-8000-000000000001'
          sequence_order: 11
        11:
          id: '0ca8ae45-a50e-464a-a091-658219fcb3e7'
          note: ''
          status: 'scheduled'
          channel: 'call'
          due_end: '2026-09-21T19:00:00+00:00'
          lead_id: '455b5a21-c349-4d5e-b384-fb702541b350'
          outcome: ''
          due_start: '2026-09-21T17:00:00+00:00'
          created_at: '2026-09-18T20:07:08.088079+00:00'
          updated_at: '2026-09-18T20:07:08.237613+00:00'
          recorded_at: ~
          sequence_id: 'cedbaf22-9c53-437c-b552-87b5601ab8a7'
          template_id: ~
          band_attempt: 2
          call_attempt: 10
          completed_at: ~
          completed_by: ~
          message_step: ~
          performed_at: ~
          protocol_day: 3
          protocol_band: '14-16'
          seller_user_id: 'b104b000-0000-4000-8000-000000000001'
          sequence_order: 12
        12:
          id: 'b9eea6f4-a6db-4a49-907d-8ed9bdd9f750'
          note: ''
          status: 'scheduled'
          channel: 'call'
          due_end: '2026-09-21T22:00:00+00:00'
          lead_id: '455b5a21-c349-4d5e-b384-fb702541b350'
          outcome: ''
          due_start: '2026-09-21T20:00:00+00:00'
          created_at: '2026-09-18T20:07:08.088079+00:00'
          updated_at: '2026-09-18T20:07:08.237613+00:00'
          recorded_at: ~
          sequence_id: 'cedbaf22-9c53-437c-b552-87b5601ab8a7'
          template_id: ~
          band_attempt: 1
          call_attempt: 11
          completed_at: ~
          completed_by: ~
          message_step: ~
          performed_at: ~
          protocol_day: 3
          protocol_band: '17-19'
          seller_user_id: 'b104b000-0000-4000-8000-000000000001'
          sequence_order: 13
        13:
          id: '75749df7-1085-471c-aa5e-b22d9f60c803'
          note: ''
          status: 'scheduled'
          channel: 'call'
          due_end: '2026-09-21T22:00:00+00:00'
          lead_id: '455b5a21-c349-4d5e-b384-fb702541b350'
          outcome: ''
          due_start: '2026-09-21T20:00:00+00:00'
          created_at: '2026-09-18T20:07:08.088079+00:00'
          updated_at: '2026-09-18T20:07:08.237613+00:00'
          recorded_at: ~
          sequence_id: 'cedbaf22-9c53-437c-b552-87b5601ab8a7'
          template_id: ~
          band_attempt: 2
          call_attempt: 12
          completed_at: ~
          completed_by: ~
          message_step: ~
          performed_at: ~
          protocol_day: 3
          protocol_band: '17-19'
          seller_user_id: 'b104b000-0000-4000-8000-000000000001'
          sequence_order: 14
        14:
          id: 'bdf5be31-14a0-45ce-853f-7e2d63bacc27'
          note: ''
          status: 'scheduled'
          channel: 'call'
          due_end: '2026-09-22T15:00:00+00:00'
          lead_id: '455b5a21-c349-4d5e-b384-fb702541b350'
          outcome: ''
          due_start: '2026-09-22T13:00:00+00:00'
          created_at: '2026-09-18T20:07:08.088079+00:00'
          updated_at: '2026-09-18T20:07:08.237613+00:00'
          recorded_at: ~
          sequence_id: 'cedbaf22-9c53-437c-b552-87b5601ab8a7'
          template_id: ~
          band_attempt: 1
          call_attempt: 13
          completed_at: ~
          completed_by: ~
          message_step: ~
          performed_at: ~
          protocol_day: 4
          protocol_band: '10-12'
          seller_user_id: 'b104b000-0000-4000-8000-000000000001'
          sequence_order: 15
        15:
          id: 'fc3828ad-65c9-40a9-bc12-955a0a40cca8'
          note: ''
          status: 'scheduled'
          channel: 'call'
          due_end: '2026-09-22T15:00:00+00:00'
          lead_id: '455b5a21-c349-4d5e-b384-fb702541b350'
          outcome: ''
          due_start: '2026-09-22T13:00:00+00:00'
          created_at: '2026-09-18T20:07:08.088079+00:00'
          updated_at: '2026-09-18T20:07:08.237613+00:00'
          recorded_at: ~
          sequence_id: 'cedbaf22-9c53-437c-b552-87b5601ab8a7'
          template_id: ~
          band_attempt: 2
          call_attempt: 14
          completed_at: ~
          completed_by: ~
          message_step: ~
          performed_at: ~
          protocol_day: 4
          protocol_band: '10-12'
          seller_user_id: 'b104b000-0000-4000-8000-000000000001'
          sequence_order: 16
        16:
          id: 'd08f9cdd-c5c5-4660-88a8-bd4621680e9c'
          note: ''
          status: 'scheduled'
          channel: 'call'
          due_end: '2026-09-22T19:00:00+00:00'
          lead_id: '455b5a21-c349-4d5e-b384-fb702541b350'
          outcome: ''
          due_start: '2026-09-22T17:00:00+00:00'
          created_at: '2026-09-18T20:07:08.088079+00:00'
          updated_at: '2026-09-18T20:07:08.237613+00:00'
          recorded_at: ~
          sequence_id: 'cedbaf22-9c53-437c-b552-87b5601ab8a7'
          template_id: ~
          band_attempt: 1
          call_attempt: 15
          completed_at: ~
          completed_by: ~
          message_step: ~
          performed_at: ~
          protocol_day: 4
          protocol_band: '14-16'
          seller_user_id: 'b104b000-0000-4000-8000-000000000001'
          sequence_order: 17
        17:
          id: '34f2331f-98cd-48e7-a75d-b7f1de824008'
          note: ''
          status: 'scheduled'
          channel: 'call'
          due_end: '2026-09-22T19:00:00+00:00'
          lead_id: '455b5a21-c349-4d5e-b384-fb702541b350'
          outcome: ''
          due_start: '2026-09-22T17:00:00+00:00'
          created_at: '2026-09-18T20:07:08.088079+00:00'
          updated_at: '2026-09-18T20:07:08.237613+00:00'
          recorded_at: ~
          sequence_id: 'cedbaf22-9c53-437c-b552-87b5601ab8a7'
          template_id: ~
          band_attempt: 2
          call_attempt: 16
          completed_at: ~
          completed_by: ~
          message_step: ~
          performed_at: ~
          protocol_day: 4
          protocol_band: '14-16'
          seller_user_id: 'b104b000-0000-4000-8000-000000000001'
          sequence_order: 18
        18:
          id: '7dbb423c-340d-489c-8c0a-e6116a516f59'
          note: ''
          status: 'scheduled'
          channel: 'call'
          due_end: '2026-09-22T22:00:00+00:00'
          lead_id: '455b5a21-c349-4d5e-b384-fb702541b350'
          outcome: ''
          due_start: '2026-09-22T20:00:00+00:00'
          created_at: '2026-09-18T20:07:08.088079+00:00'
          updated_at: '2026-09-18T20:07:08.237613+00:00'
          recorded_at: ~
          sequence_id: 'cedbaf22-9c53-437c-b552-87b5601ab8a7'
          template_id: ~
          band_attempt: 1
          call_attempt: 17
          completed_at: ~
          completed_by: ~
          message_step: ~
          performed_at: ~
          protocol_day: 4
          protocol_band: '17-19'
          seller_user_id: 'b104b000-0000-4000-8000-000000000001'
          sequence_order: 19
        19:
          id: 'c704061a-1261-4499-9819-66ba5d945e21'
          note: ''
          status: 'scheduled'
          channel: 'call'
          due_end: '2026-09-22T22:00:00+00:00'
          lead_id: '455b5a21-c349-4d5e-b384-fb702541b350'
          outcome: ''
          due_start: '2026-09-22T20:00:00+00:00'
          created_at: '2026-09-18T20:07:08.088079+00:00'
          updated_at: '2026-09-18T20:07:08.237613+00:00'
          recorded_at: ~
          sequence_id: 'cedbaf22-9c53-437c-b552-87b5601ab8a7'
          template_id: ~
          band_attempt: 2
          call_attempt: 18
          completed_at: ~
          completed_by: ~
          message_step: ~
          performed_at: ~
          protocol_day: 4
          protocol_band: '17-19'
          seller_user_id: 'b104b000-0000-4000-8000-000000000001'
          sequence_order: 20
      operator: 'deepStrictEqual'
      stack: |-
        file:///tmp/crm-m1-9dsvoqqk/tests/m1/contact-runtime.integration.test.mjs:609:127
        process.processTicksAndRejections (node:internal/process/task_queues:104:5)
        async TestContext.<anonymous> (file:///tmp/crm-m1-9dsvoqqk/tests/m1/contact-runtime.integration.test.mjs:203:11)
        async Test.run (node:internal/test_runner/test:1389:7)
        async TestContext.<anonymous> (file:///tmp/crm-m1-9dsvoqqk/tests/m1/contact-runtime.integration.test.mjs:604:5)
        async Test.run (node:internal/test_runner/test:1389:7)
        async startSubtestAfterBootstrap (node:internal/test_runner/harness:387:3)
      ...
    # Subtest: DB-B42: fully credited no-response protocol closes factually without cold/Recall/stage
    not ok 42 - DB-B42: fully credited no-response protocol closes factually without cold/Recall/stage
      ---
      duration_ms: 504.25048
      type: 'test'
      location: '/tmp/crm-m1-9dsvoqqk/tests/m1/contact-runtime.integration.test.mjs:202:35'
      failureType: 'testCodeFailure'
      error: |-
        42501: ERROR:  permission denied for table crm_contact_runtime
        CONTEXT:  SQL statement "select *                from private.crm_contact_runtime where lead_id=p_lead for update"
        PL/pgSQL function private.crm_apply_contact_command(uuid,uuid) line 21 at SQL statement
        PL/pgSQL function private.crm_execute_contact_command(jsonb) line 99 at assignment
        PL/pgSQL function public.crm_submit_command(jsonb) line 5 at RETURN
        
      code: 'ERR_TEST_FAILURE'
      stack: |-
        file:///tmp/crm-m1-9dsvoqqk/tests/m1/harness/pg-session.mjs:62:44
        process.processTicksAndRejections (node:internal/process/task_queues:104:5)
        async PgSession.scalar (file:///tmp/crm-m1-9dsvoqqk/tests/m1/harness/pg-session.mjs:68:20)
        async PgSession.json (file:///tmp/crm-m1-9dsvoqqk/tests/m1/harness/pg-session.mjs:73:19)
        async actor (file:///tmp/crm-m1-9dsvoqqk/tests/m1/contact-runtime.integration.test.mjs:40:23)
        async file:///tmp/crm-m1-9dsvoqqk/tests/m1/contact-runtime.integration.test.mjs:614:55
        async TestContext.<anonymous> (file:///tmp/crm-m1-9dsvoqqk/tests/m1/contact-runtime.integration.test.mjs:203:11)
        async Test.run (node:internal/test_runner/test:1389:7)
        async TestContext.<anonymous> (file:///tmp/crm-m1-9dsvoqqk/tests/m1/contact-runtime.integration.test.mjs:612:5)
        async Test.run (node:internal/test_runner/test:1389:7)
      ...
    # Subtest: DB-B43: all omitted yields protocol_incomplete and visible zero registered attempts
    not ok 43 - DB-B43: all omitted yields protocol_incomplete and visible zero registered attempts
      ---
      duration_ms: 295.50052
      type: 'test'
      location: '/tmp/crm-m1-9dsvoqqk/tests/m1/contact-runtime.integration.test.mjs:202:35'
      failureType: 'testCodeFailure'
      error: |-
        42501: ERROR:  permission denied for table crm_contact_runtime
        CONTEXT:  SQL statement "select *                from private.crm_contact_runtime where lead_id=p_lead for update"
        PL/pgSQL function private.crm_apply_contact_command(uuid,uuid) line 21 at SQL statement
        PL/pgSQL function private.crm_execute_contact_command(jsonb) line 99 at assignment
        PL/pgSQL function public.crm_submit_command(jsonb) line 5 at RETURN
        
      code: 'ERR_TEST_FAILURE'
      stack: |-
        file:///tmp/crm-m1-9dsvoqqk/tests/m1/harness/pg-session.mjs:62:44
        process.processTicksAndRejections (node:internal/process/task_queues:104:5)
        async PgSession.scalar (file:///tmp/crm-m1-9dsvoqqk/tests/m1/harness/pg-session.mjs:68:20)
        async PgSession.json (file:///tmp/crm-m1-9dsvoqqk/tests/m1/harness/pg-session.mjs:73:19)
        async actor (file:///tmp/crm-m1-9dsvoqqk/tests/m1/contact-runtime.integration.test.mjs:40:23)
        async file:///tmp/crm-m1-9dsvoqqk/tests/m1/contact-runtime.integration.test.mjs:619:62
        async TestContext.<anonymous> (file:///tmp/crm-m1-9dsvoqqk/tests/m1/contact-runtime.integration.test.mjs:203:11)
        async Test.run (node:internal/test_runner/test:1389:7)
        async TestContext.<anonymous> (file:///tmp/crm-m1-9dsvoqqk/tests/m1/contact-runtime.integration.test.mjs:618:5)
        async Test.run (node:internal/test_runner/test:1389:7)
      ...
    # Subtest: DB-B44: partial counts retain denominator and descriptive majority without future routing
    not ok 44 - DB-B44: partial counts retain denominator and descriptive majority without future routing
      ---
      duration_ms: 344.66497
      type: 'test'
      location: '/tmp/crm-m1-9dsvoqqk/tests/m1/contact-runtime.integration.test.mjs:202:35'
      failureType: 'testCodeFailure'
      error: |-
        42501: ERROR:  permission denied for table crm_contact_runtime
        CONTEXT:  SQL statement "select *                from private.crm_contact_runtime where lead_id=p_lead for update"
        PL/pgSQL function private.crm_apply_contact_command(uuid,uuid) line 21 at SQL statement
        PL/pgSQL function private.crm_execute_contact_command(jsonb) line 99 at assignment
        PL/pgSQL function public.crm_submit_command(jsonb) line 5 at RETURN
        
      code: 'ERR_TEST_FAILURE'
      stack: |-
        file:///tmp/crm-m1-9dsvoqqk/tests/m1/harness/pg-session.mjs:62:44
        process.processTicksAndRejections (node:internal/process/task_queues:104:5)
        async PgSession.scalar (file:///tmp/crm-m1-9dsvoqqk/tests/m1/harness/pg-session.mjs:68:20)
        async PgSession.json (file:///tmp/crm-m1-9dsvoqqk/tests/m1/harness/pg-session.mjs:73:19)
        async actor (file:///tmp/crm-m1-9dsvoqqk/tests/m1/contact-runtime.integration.test.mjs:40:23)
        async file:///tmp/crm-m1-9dsvoqqk/tests/m1/contact-runtime.integration.test.mjs:629:35
        async TestContext.<anonymous> (file:///tmp/crm-m1-9dsvoqqk/tests/m1/contact-runtime.integration.test.mjs:203:11)
        async Test.run (node:internal/test_runner/test:1389:7)
        async TestContext.<anonymous> (file:///tmp/crm-m1-9dsvoqqk/tests/m1/contact-runtime.integration.test.mjs:624:5)
        async Test.run (node:internal/test_runner/test:1389:7)
      ...
    # Subtest: DB-B45: unknown legacy work or empty/unrecognized plan cannot prove full or zero physical work
    not ok 45 - DB-B45: unknown legacy work or empty/unrecognized plan cannot prove full or zero physical work
      ---
      duration_ms: 336.19623
      type: 'test'
      location: '/tmp/crm-m1-9dsvoqqk/tests/m1/contact-runtime.integration.test.mjs:202:35'
      failureType: 'testCodeFailure'
      error: |-
        42501: ERROR:  permission denied for table crm_contact_runtime
        CONTEXT:  SQL statement "select *                from private.crm_contact_runtime where lead_id=p_lead for update"
        PL/pgSQL function private.crm_apply_contact_command(uuid,uuid) line 21 at SQL statement
        PL/pgSQL function private.crm_execute_contact_command(jsonb) line 99 at assignment
        PL/pgSQL function public.crm_submit_command(jsonb) line 5 at RETURN
        
      code: 'ERR_TEST_FAILURE'
      stack: |-
        file:///tmp/crm-m1-9dsvoqqk/tests/m1/harness/pg-session.mjs:62:44
        process.processTicksAndRejections (node:internal/process/task_queues:104:5)
        async PgSession.scalar (file:///tmp/crm-m1-9dsvoqqk/tests/m1/harness/pg-session.mjs:68:20)
        async PgSession.json (file:///tmp/crm-m1-9dsvoqqk/tests/m1/harness/pg-session.mjs:73:19)
        async actor (file:///tmp/crm-m1-9dsvoqqk/tests/m1/contact-runtime.integration.test.mjs:40:23)
        async file:///tmp/crm-m1-9dsvoqqk/tests/m1/contact-runtime.integration.test.mjs:638:75
        async TestContext.<anonymous> (file:///tmp/crm-m1-9dsvoqqk/tests/m1/contact-runtime.integration.test.mjs:203:11)
        async Test.run (node:internal/test_runner/test:1389:7)
        async TestContext.<anonymous> (file:///tmp/crm-m1-9dsvoqqk/tests/m1/contact-runtime.integration.test.mjs:637:5)
        async Test.run (node:internal/test_runner/test:1389:7)
      ...
    # Subtest: DB-B46: manual agenda explicitly supersedes only future work, preserving credited/omitted history
    not ok 46 - DB-B46: manual agenda explicitly supersedes only future work, preserving credited/omitted history
      ---
      duration_ms: 353.55592
      type: 'test'
      location: '/tmp/crm-m1-9dsvoqqk/tests/m1/contact-runtime.integration.test.mjs:202:35'
      failureType: 'testCodeFailure'
      error: |-
        42501: ERROR:  permission denied for table crm_contact_runtime
        CONTEXT:  SQL statement "select *                from private.crm_contact_runtime where lead_id=p_lead for update"
        PL/pgSQL function private.crm_apply_contact_command(uuid,uuid) line 21 at SQL statement
        PL/pgSQL function private.crm_execute_contact_command(jsonb) line 99 at assignment
        PL/pgSQL function public.crm_submit_command(jsonb) line 5 at RETURN
        
      code: 'ERR_TEST_FAILURE'
      stack: |-
        file:///tmp/crm-m1-9dsvoqqk/tests/m1/harness/pg-session.mjs:62:44
        process.processTicksAndRejections (node:internal/process/task_queues:104:5)
        async PgSession.scalar (file:///tmp/crm-m1-9dsvoqqk/tests/m1/harness/pg-session.mjs:68:20)
        async PgSession.json (file:///tmp/crm-m1-9dsvoqqk/tests/m1/harness/pg-session.mjs:73:19)
        async actor (file:///tmp/crm-m1-9dsvoqqk/tests/m1/contact-runtime.integration.test.mjs:40:23)
        async file:///tmp/crm-m1-9dsvoqqk/tests/m1/contact-runtime.integration.test.mjs:645:15
        async TestContext.<anonymous> (file:///tmp/crm-m1-9dsvoqqk/tests/m1/contact-runtime.integration.test.mjs:203:11)
        async Test.run (node:internal/test_runner/test:1389:7)
        async TestContext.<anonymous> (file:///tmp/crm-m1-9dsvoqqk/tests/m1/contact-runtime.integration.test.mjs:643:5)
        async Test.run (node:internal/test_runner/test:1389:7)
      ...
    # Subtest: DB-B47: response, no_interest, invalid and restriction remain distinct operational causes
    not ok 47 - DB-B47: response, no_interest, invalid and restriction remain distinct operational causes
      ---
      duration_ms: 337.21211
      type: 'test'
      location: '/tmp/crm-m1-9dsvoqqk/tests/m1/contact-runtime.integration.test.mjs:202:35'
      failureType: 'testCodeFailure'
      error: |-
        42501: ERROR:  permission denied for table crm_contact_runtime
        CONTEXT:  SQL statement "select *                from private.crm_contact_runtime where lead_id=p_lead for update"
        PL/pgSQL function private.crm_apply_contact_command(uuid,uuid) line 21 at SQL statement
        PL/pgSQL function private.crm_execute_contact_command(jsonb) line 99 at assignment
        PL/pgSQL function public.crm_submit_command(jsonb) line 5 at RETURN
        
      code: 'ERR_TEST_FAILURE'
      stack: |-
        file:///tmp/crm-m1-9dsvoqqk/tests/m1/harness/pg-session.mjs:62:44
        process.processTicksAndRejections (node:internal/process/task_queues:104:5)
        async PgSession.scalar (file:///tmp/crm-m1-9dsvoqqk/tests/m1/harness/pg-session.mjs:68:20)
        async PgSession.json (file:///tmp/crm-m1-9dsvoqqk/tests/m1/harness/pg-session.mjs:73:19)
        async actor (file:///tmp/crm-m1-9dsvoqqk/tests/m1/contact-runtime.integration.test.mjs:40:23)
        async file:///tmp/crm-m1-9dsvoqqk/tests/m1/contact-runtime.integration.test.mjs:654:84
        async TestContext.<anonymous> (file:///tmp/crm-m1-9dsvoqqk/tests/m1/contact-runtime.integration.test.mjs:203:11)
        async Test.run (node:internal/test_runner/test:1389:7)
        async TestContext.<anonymous> (file:///tmp/crm-m1-9dsvoqqk/tests/m1/contact-runtime.integration.test.mjs:651:5)
        async Test.run (node:internal/test_runner/test:1389:7)
      ...
    # Subtest: DB-B48: legacy classifier trigger/direct call is contained only for adopted cohort
    not ok 48 - DB-B48: legacy classifier trigger/direct call is contained only for adopted cohort
      ---
      duration_ms: 349.86741
      type: 'test'
      location: '/tmp/crm-m1-9dsvoqqk/tests/m1/contact-runtime.integration.test.mjs:202:35'
      failureType: 'testCodeFailure'
      error: |-
        42501: ERROR:  permission denied for table crm_contact_runtime
        CONTEXT:  SQL statement "select *                from private.crm_contact_runtime where lead_id=p_lead for update"
        PL/pgSQL function private.crm_apply_contact_command(uuid,uuid) line 21 at SQL statement
        PL/pgSQL function private.crm_execute_contact_command(jsonb) line 99 at assignment
        PL/pgSQL function public.crm_submit_command(jsonb) line 5 at RETURN
        
      code: 'ERR_TEST_FAILURE'
      stack: |-
        file:///tmp/crm-m1-9dsvoqqk/tests/m1/harness/pg-session.mjs:62:44
        process.processTicksAndRejections (node:internal/process/task_queues:104:5)
        async PgSession.scalar (file:///tmp/crm-m1-9dsvoqqk/tests/m1/harness/pg-session.mjs:68:20)
        async PgSession.json (file:///tmp/crm-m1-9dsvoqqk/tests/m1/harness/pg-session.mjs:73:19)
        async actor (file:///tmp/crm-m1-9dsvoqqk/tests/m1/contact-runtime.integration.test.mjs:40:23)
        async file:///tmp/crm-m1-9dsvoqqk/tests/m1/contact-runtime.integration.test.mjs:663:15
        async TestContext.<anonymous> (file:///tmp/crm-m1-9dsvoqqk/tests/m1/contact-runtime.integration.test.mjs:203:11)
        async Test.run (node:internal/test_runner/test:1389:7)
        async TestContext.<anonymous> (file:///tmp/crm-m1-9dsvoqqk/tests/m1/contact-runtime.integration.test.mjs:661:5)
        async Test.run (node:internal/test_runner/test:1389:7)
      ...
    # Subtest: DB-B49: no-change clock is terminal without events/version; future windows remain visible
    not ok 49 - DB-B49: no-change clock is terminal without events/version; future windows remain visible
      ---
      duration_ms: 281.31801
      type: 'test'
      location: '/tmp/crm-m1-9dsvoqqk/tests/m1/contact-runtime.integration.test.mjs:202:35'
      failureType: 'testCodeFailure'
      error: |-
        42501: ERROR:  permission denied for table crm_contact_runtime
        CONTEXT:  SQL statement "select *                from private.crm_contact_runtime where lead_id=p_lead for update"
        PL/pgSQL function private.crm_apply_contact_command(uuid,uuid) line 21 at SQL statement
        PL/pgSQL function private.crm_execute_contact_command(jsonb) line 99 at assignment
        PL/pgSQL function public.crm_submit_command(jsonb) line 5 at RETURN
        
      code: 'ERR_TEST_FAILURE'
      stack: |-
        file:///tmp/crm-m1-9dsvoqqk/tests/m1/harness/pg-session.mjs:62:44
        process.processTicksAndRejections (node:internal/process/task_queues:104:5)
        async PgSession.scalar (file:///tmp/crm-m1-9dsvoqqk/tests/m1/harness/pg-session.mjs:68:20)
        async PgSession.json (file:///tmp/crm-m1-9dsvoqqk/tests/m1/harness/pg-session.mjs:73:19)
        async actor (file:///tmp/crm-m1-9dsvoqqk/tests/m1/contact-runtime.integration.test.mjs:40:23)
        async file:///tmp/crm-m1-9dsvoqqk/tests/m1/contact-runtime.integration.test.mjs:672:20
        async TestContext.<anonymous> (file:///tmp/crm-m1-9dsvoqqk/tests/m1/contact-runtime.integration.test.mjs:203:11)
        async Test.run (node:internal/test_runner/test:1389:7)
        async TestContext.<anonymous> (file:///tmp/crm-m1-9dsvoqqk/tests/m1/contact-runtime.integration.test.mjs:670:5)
        async Test.run (node:internal/test_runner/test:1389:7)
      ...
    # Subtest: DB-B50: operational getter is READ ONLY, scoped and exposes evidence/review/clock context
    not ok 50 - DB-B50: operational getter is READ ONLY, scoped and exposes evidence/review/clock context
      ---
      duration_ms: 350.95238
      type: 'test'
      location: '/tmp/crm-m1-9dsvoqqk/tests/m1/contact-runtime.integration.test.mjs:202:35'
      failureType: 'testCodeFailure'
      error: |-
        42501: ERROR:  permission denied for table crm_contact_runtime
        CONTEXT:  SQL statement "select *                from private.crm_contact_runtime where lead_id=p_lead for update"
        PL/pgSQL function private.crm_apply_contact_command(uuid,uuid) line 21 at SQL statement
        PL/pgSQL function private.crm_execute_contact_command(jsonb) line 99 at assignment
        PL/pgSQL function public.crm_submit_command(jsonb) line 5 at RETURN
        
      code: 'ERR_TEST_FAILURE'
      stack: |-
        file:///tmp/crm-m1-9dsvoqqk/tests/m1/harness/pg-session.mjs:62:44
        process.processTicksAndRejections (node:internal/process/task_queues:104:5)
        async PgSession.scalar (file:///tmp/crm-m1-9dsvoqqk/tests/m1/harness/pg-session.mjs:68:20)
        async PgSession.json (file:///tmp/crm-m1-9dsvoqqk/tests/m1/harness/pg-session.mjs:73:19)
        async actor (file:///tmp/crm-m1-9dsvoqqk/tests/m1/contact-runtime.integration.test.mjs:40:23)
        async file:///tmp/crm-m1-9dsvoqqk/tests/m1/contact-runtime.integration.test.mjs:677:64
        async TestContext.<anonymous> (file:///tmp/crm-m1-9dsvoqqk/tests/m1/contact-runtime.integration.test.mjs:203:11)
        async Test.run (node:internal/test_runner/test:1389:7)
        async TestContext.<anonymous> (file:///tmp/crm-m1-9dsvoqqk/tests/m1/contact-runtime.integration.test.mjs:676:5)
        async Test.run (node:internal/test_runner/test:1389:7)
      ...
    # Subtest: DB-B51: legacy, A-only and A+B cohorts preserve distinct writer authority
    not ok 51 - DB-B51: legacy, A-only and A+B cohorts preserve distinct writer authority
      ---
      duration_ms: 182.04107
      type: 'test'
      location: '/tmp/crm-m1-9dsvoqqk/tests/m1/contact-runtime.integration.test.mjs:202:35'
      failureType: 'testCodeFailure'
      error: |-
        {"ok":false,"sqlstate":"42501","error":"ERROR:  permission denied for function complete_contact_task\n","id":1454}
        
        false !== true
        
      code: 'ERR_ASSERTION'
      name: 'AssertionError'
      expected: true
      actual: false
      operator: 'strictEqual'
      stack: |-
        file:///tmp/crm-m1-9dsvoqqk/tests/m1/contact-runtime.integration.test.mjs:689:21
        process.processTicksAndRejections (node:internal/process/task_queues:104:5)
        async TestContext.<anonymous> (file:///tmp/crm-m1-9dsvoqqk/tests/m1/contact-runtime.integration.test.mjs:203:11)
        async Test.run (node:internal/test_runner/test:1389:7)
        async TestContext.<anonymous> (file:///tmp/crm-m1-9dsvoqqk/tests/m1/contact-runtime.integration.test.mjs:684:5)
        async Test.run (node:internal/test_runner/test:1389:7)
        async startSubtestAfterBootstrap (node:internal/test_runner/harness:387:3)
      ...
    # Subtest: DB-B52: every legacy result/answer/follow-up overload rejects before any side effect
    ok 52 - DB-B52: every legacy result/answer/follow-up overload rejects before any side effect
      ---
      duration_ms: 500.90583
      type: 'test'
      ...
    # Subtest: DB-B53: mixed supervisor scheduling/status/management cannot partially commit excluded domains
    ok 53 - DB-B53: mixed supervisor scheduling/status/management cannot partially commit excluded domains
      ---
      duration_ms: 373.49787
      type: 'test'
      ...
    # Subtest: DB-B54: restart/reconcile/future/Recall writers cannot reset adopted work
    ok 54 - DB-B54: restart/reconcile/future/Recall writers cannot reset adopted work
      ---
      duration_ms: 382.41264
      type: 'test'
      ...
    # Subtest: DB-B55: mixed-cohort legacy refresh processes only legacy and preserves B for explicit clock
    not ok 55 - DB-B55: mixed-cohort legacy refresh processes only legacy and preserves B for explicit clock
      ---
      duration_ms: 796.2843
      type: 'test'
      location: '/tmp/crm-m1-9dsvoqqk/tests/m1/contact-runtime.integration.test.mjs:202:35'
      failureType: 'testCodeFailure'
      error: |-
        42501: ERROR:  permission denied for table crm_contact_runtime
        CONTEXT:  SQL statement "select *                from private.crm_contact_runtime where lead_id=p_lead for update"
        PL/pgSQL function private.crm_apply_contact_command(uuid,uuid) line 21 at SQL statement
        PL/pgSQL function private.crm_execute_contact_command(jsonb) line 99 at assignment
        PL/pgSQL function public.crm_submit_command(jsonb) line 5 at RETURN
        
      code: 'ERR_TEST_FAILURE'
      stack: |-
        file:///tmp/crm-m1-9dsvoqqk/tests/m1/harness/pg-session.mjs:62:44
        process.processTicksAndRejections (node:internal/process/task_queues:104:5)
        async PgSession.scalar (file:///tmp/crm-m1-9dsvoqqk/tests/m1/harness/pg-session.mjs:68:20)
        async PgSession.json (file:///tmp/crm-m1-9dsvoqqk/tests/m1/harness/pg-session.mjs:73:19)
        async actor (file:///tmp/crm-m1-9dsvoqqk/tests/m1/contact-runtime.integration.test.mjs:40:23)
        async file:///tmp/crm-m1-9dsvoqqk/tests/m1/contact-runtime.integration.test.mjs:721:55
        async TestContext.<anonymous> (file:///tmp/crm-m1-9dsvoqqk/tests/m1/contact-runtime.integration.test.mjs:203:11)
        async Test.run (node:internal/test_runner/test:1389:7)
        async TestContext.<anonymous> (file:///tmp/crm-m1-9dsvoqqk/tests/m1/contact-runtime.integration.test.mjs:717:5)
        async Test.run (node:internal/test_runner/test:1389:7)
      ...
    # Subtest: DB-B56: service/direct DML/definer do not bypass B fields; excluded notes retain permissions
    ok 56 - DB-B56: service/direct DML/definer do not bypass B fields; excluded notes retain permissions
      ---
      duration_ms: 367.28755
      type: 'test'
      ...
    # Subtest: DB-B57: insert/delete/cascade/truncate cannot erase or forge adopted CRM/protocol history
    not ok 57 - DB-B57: insert/delete/cascade/truncate cannot erase or forge adopted CRM/protocol history
      ---
      duration_ms: 319.56274
      type: 'test'
      location: '/tmp/crm-m1-9dsvoqqk/tests/m1/contact-runtime.integration.test.mjs:202:35'
      failureType: 'testCodeFailure'
      error: |-
        The input did not match the regular expression /42501|55000|23514|23503|P0001|FENCED|METADATA_REQUIRED|IMMUTABLE|APPEND_ONLY|FORBIDDEN|PROTECTED|BOUNDARY/. Input:
        
        '0A000 ERROR:  cannot truncate a table referenced in a foreign key constraint\n' +
          'DETAIL:  Table "crm_contact_facts" references "lead_contact_tasks".\n' +
          'HINT:  Truncate table "crm_contact_facts" at the same time, or use TRUNCATE ... CASCADE.\n'
        
      code: 'ERR_ASSERTION'
      name: 'AssertionError'
      expected:
      actual: |-
        0A000 ERROR:  cannot truncate a table referenced in a foreign key constraint
        DETAIL:  Table "crm_contact_facts" references "lead_contact_tasks".
        HINT:  Truncate table "crm_contact_facts" at the same time, or use TRUNCATE ... CASCADE.
        
      operator: 'match'
      stack: |-
        sqlDenied (file:///tmp/crm-m1-9dsvoqqk/tests/m1/contact-runtime.integration.test.mjs:64:10)
        file:///tmp/crm-m1-9dsvoqqk/tests/m1/contact-runtime.integration.test.mjs:737:132
        process.processTicksAndRejections (node:internal/process/task_queues:104:5)
        async TestContext.<anonymous> (file:///tmp/crm-m1-9dsvoqqk/tests/m1/contact-runtime.integration.test.mjs:203:11)
        async Test.run (node:internal/test_runner/test:1389:7)
        async TestContext.<anonymous> (file:///tmp/crm-m1-9dsvoqqk/tests/m1/contact-runtime.integration.test.mjs:733:5)
        async Test.run (node:internal/test_runner/test:1389:7)
        async startSubtestAfterBootstrap (node:internal/test_runner/harness:387:3)
      ...
    # Subtest: DB-B58: new legacy leads retain initialization without implicit adoption
    not ok 58 - DB-B58: new legacy leads retain initialization without implicit adoption
      ---
      duration_ms: 138.7928
      type: 'test'
      location: '/tmp/crm-m1-9dsvoqqk/tests/m1/contact-runtime.integration.test.mjs:202:35'
      failureType: 'testCodeFailure'
      error: |-
        42501: ERROR:  permission denied for function complete_contact_task
        
      code: 'ERR_TEST_FAILURE'
      stack: |-
        file:///tmp/crm-m1-9dsvoqqk/tests/m1/harness/pg-session.mjs:62:44
        process.processTicksAndRejections (node:internal/process/task_queues:104:5)
        async actor (file:///tmp/crm-m1-9dsvoqqk/tests/m1/contact-runtime.integration.test.mjs:40:23)
        async file:///tmp/crm-m1-9dsvoqqk/tests/m1/contact-runtime.integration.test.mjs:744:58
        async TestContext.<anonymous> (file:///tmp/crm-m1-9dsvoqqk/tests/m1/contact-runtime.integration.test.mjs:203:11)
        async Test.run (node:internal/test_runner/test:1389:7)
        async TestContext.<anonymous> (file:///tmp/crm-m1-9dsvoqqk/tests/m1/contact-runtime.integration.test.mjs:740:5)
        async Test.run (node:internal/test_runner/test:1389:7)
        async startSubtestAfterBootstrap (node:internal/test_runner/harness:387:3)
      ...
    # Subtest: DB-B59: excluded appointment/deposit/document fields alone do not create B effects
    ok 59 - DB-B59: excluded appointment/deposit/document fields alone do not create B effects
      ---
      duration_ms: 271.17005
      type: 'test'
      ...
    # Subtest: DB-B60: reproduced webhook/sales mixed DML is rejected atomically without external functions
    ok 60 - DB-B60: reproduced webhook/sales mixed DML is rejected atomically without external functions
      ---
      duration_ms: 288.55035
      type: 'test'
      ...
    # Subtest: DB-B61: two real sessions with same intent block then commit one logical result
    not ok 61 - DB-B61: two real sessions with same intent block then commit one logical result
      ---
      duration_ms: 1150.54993
      type: 'test'
      location: '/tmp/crm-m1-9dsvoqqk/tests/m1/contact-runtime.integration.test.mjs:202:35'
      failureType: 'testCodeFailure'
      error: |-
        42501: ERROR:  permission denied for table crm_contact_runtime
        CONTEXT:  SQL statement "select *                from private.crm_contact_runtime where lead_id=p_lead for update"
        PL/pgSQL function private.crm_apply_contact_command(uuid,uuid) line 21 at SQL statement
        PL/pgSQL function private.crm_execute_contact_command(jsonb) line 99 at assignment
        PL/pgSQL function public.crm_submit_command(jsonb) line 5 at RETURN
        
      code: 'ERR_TEST_FAILURE'
      stack: |-
        file:///tmp/crm-m1-9dsvoqqk/tests/m1/harness/pg-session.mjs:62:44
        process.processTicksAndRejections (node:internal/process/task_queues:104:5)
        async PgSession.scalar (file:///tmp/crm-m1-9dsvoqqk/tests/m1/harness/pg-session.mjs:68:20)
        async PgSession.json (file:///tmp/crm-m1-9dsvoqqk/tests/m1/harness/pg-session.mjs:73:19)
        async file:///tmp/crm-m1-9dsvoqqk/tests/m1/contact-runtime.integration.test.mjs:764:40
        async TestContext.<anonymous> (file:///tmp/crm-m1-9dsvoqqk/tests/m1/contact-runtime.integration.test.mjs:203:11)
        async Test.run (node:internal/test_runner/test:1389:7)
        async TestContext.<anonymous> (file:///tmp/crm-m1-9dsvoqqk/tests/m1/contact-runtime.integration.test.mjs:760:5)
        async Test.run (node:internal/test_runner/test:1389:7)
        async startSubtestAfterBootstrap (node:internal/test_runner/harness:387:3)
      ...
    # Subtest: DB-B62: different simultaneous facts for same task produce one credit and stale loser
    not ok 62 - DB-B62: different simultaneous facts for same task produce one credit and stale loser
      ---
      duration_ms: 1187.24118
      type: 'test'
      location: '/tmp/crm-m1-9dsvoqqk/tests/m1/contact-runtime.integration.test.mjs:202:35'
      failureType: 'testCodeFailure'
      error: |-
        42501: ERROR:  permission denied for table crm_contact_runtime
        CONTEXT:  SQL statement "select *                from private.crm_contact_runtime where lead_id=p_lead for update"
        PL/pgSQL function private.crm_apply_contact_command(uuid,uuid) line 21 at SQL statement
        PL/pgSQL function private.crm_execute_contact_command(jsonb) line 99 at assignment
        PL/pgSQL function public.crm_submit_command(jsonb) line 5 at RETURN
        
      code: 'ERR_TEST_FAILURE'
      stack: |-
        file:///tmp/crm-m1-9dsvoqqk/tests/m1/harness/pg-session.mjs:62:44
        process.processTicksAndRejections (node:internal/process/task_queues:104:5)
        async PgSession.scalar (file:///tmp/crm-m1-9dsvoqqk/tests/m1/harness/pg-session.mjs:68:20)
        async PgSession.json (file:///tmp/crm-m1-9dsvoqqk/tests/m1/harness/pg-session.mjs:73:19)
        async file:///tmp/crm-m1-9dsvoqqk/tests/m1/contact-runtime.integration.test.mjs:773:38
        async TestContext.<anonymous> (file:///tmp/crm-m1-9dsvoqqk/tests/m1/contact-runtime.integration.test.mjs:203:11)
        async Test.run (node:internal/test_runner/test:1389:7)
        async TestContext.<anonymous> (file:///tmp/crm-m1-9dsvoqqk/tests/m1/contact-runtime.integration.test.mjs:770:5)
        async Test.run (node:internal/test_runner/test:1389:7)
        async startSubtestAfterBootstrap (node:internal/test_runner/harness:387:3)
      ...
    # Subtest: DB-B63: contact versus Transfer serializes both orders without owner/history confusion
    not ok 63 - DB-B63: contact versus Transfer serializes both orders without owner/history confusion
      ---
      duration_ms: 1191.26949
      type: 'test'
      location: '/tmp/crm-m1-9dsvoqqk/tests/m1/contact-runtime.integration.test.mjs:202:35'
      failureType: 'testCodeFailure'
      error: |-
        42501: ERROR:  permission denied for table crm_contact_runtime
        CONTEXT:  SQL statement "select *                from private.crm_contact_runtime where lead_id=p_lead for update"
        PL/pgSQL function private.crm_apply_contact_command(uuid,uuid) line 21 at SQL statement
        PL/pgSQL function private.crm_execute_contact_command(jsonb) line 99 at assignment
        PL/pgSQL function public.crm_submit_command(jsonb) line 5 at RETURN
        
      code: 'ERR_TEST_FAILURE'
      stack: |-
        file:///tmp/crm-m1-9dsvoqqk/tests/m1/harness/pg-session.mjs:62:44
        process.processTicksAndRejections (node:internal/process/task_queues:104:5)
        async PgSession.scalar (file:///tmp/crm-m1-9dsvoqqk/tests/m1/harness/pg-session.mjs:68:20)
        async PgSession.json (file:///tmp/crm-m1-9dsvoqqk/tests/m1/harness/pg-session.mjs:73:19)
        async file:///tmp/crm-m1-9dsvoqqk/tests/m1/contact-runtime.integration.test.mjs:782:62
        async TestContext.<anonymous> (file:///tmp/crm-m1-9dsvoqqk/tests/m1/contact-runtime.integration.test.mjs:203:11)
        async Test.run (node:internal/test_runner/test:1389:7)
        async TestContext.<anonymous> (file:///tmp/crm-m1-9dsvoqqk/tests/m1/contact-runtime.integration.test.mjs:777:5)
        async Test.run (node:internal/test_runner/test:1389:7)
        async startSubtestAfterBootstrap (node:internal/test_runner/harness:387:3)
      ...
    # Subtest: DB-B64: contact/agenda and Acknowledge share aggregate CAS without changing epoch
    ok 64 - DB-B64: contact/agenda and Acknowledge share aggregate CAS without changing epoch
      ---
      duration_ms: 3119.18214
      type: 'test'
      ...
    # Subtest: DB-B65: reschedule/cancel replacement versus factual completion preserves one consistent outcome
    not ok 65 - DB-B65: reschedule/cancel replacement versus factual completion preserves one consistent outcome
      ---
      duration_ms: 427.51152
      type: 'test'
      location: '/tmp/crm-m1-9dsvoqqk/tests/m1/contact-runtime.integration.test.mjs:202:35'
      failureType: 'testCodeFailure'
      error: |-
        42501: ERROR:  permission denied for table crm_contact_runtime
        CONTEXT:  SQL statement "select *                from private.crm_contact_runtime where lead_id=p_lead for update"
        PL/pgSQL function private.crm_apply_contact_command(uuid,uuid) line 21 at SQL statement
        PL/pgSQL function private.crm_execute_contact_command(jsonb) line 99 at assignment
        PL/pgSQL function public.crm_submit_command(jsonb) line 5 at RETURN
        
      code: 'ERR_TEST_FAILURE'
      stack: |-
        file:///tmp/crm-m1-9dsvoqqk/tests/m1/harness/pg-session.mjs:62:44
        process.processTicksAndRejections (node:internal/process/task_queues:104:5)
        async PgSession.scalar (file:///tmp/crm-m1-9dsvoqqk/tests/m1/harness/pg-session.mjs:68:20)
        async PgSession.json (file:///tmp/crm-m1-9dsvoqqk/tests/m1/harness/pg-session.mjs:73:19)
        async actor (file:///tmp/crm-m1-9dsvoqqk/tests/m1/contact-runtime.integration.test.mjs:40:23)
        async schedule (file:///tmp/crm-m1-9dsvoqqk/tests/m1/contact-runtime.integration.test.mjs:174:11)
        async file:///tmp/crm-m1-9dsvoqqk/tests/m1/contact-runtime.integration.test.mjs:801:38
        async TestContext.<anonymous> (file:///tmp/crm-m1-9dsvoqqk/tests/m1/contact-runtime.integration.test.mjs:203:11)
        async Test.run (node:internal/test_runner/test:1389:7)
        async TestContext.<anonymous> (file:///tmp/crm-m1-9dsvoqqk/tests/m1/contact-runtime.integration.test.mjs:799:5)
      ...
    # Subtest: DB-B66: clock versus late evidence preserves deadline observation and review requirement
    not ok 66 - DB-B66: clock versus late evidence preserves deadline observation and review requirement
      ---
      duration_ms: 3090.43867
      type: 'test'
      location: '/tmp/crm-m1-9dsvoqqk/tests/m1/contact-runtime.integration.test.mjs:202:35'
      failureType: 'testCodeFailure'
      error: |-
        42501: ERROR:  permission denied for table crm_contact_runtime
        CONTEXT:  SQL statement "select *                from private.crm_contact_runtime where lead_id=p_lead for update"
        PL/pgSQL function private.crm_apply_contact_command(uuid,uuid) line 21 at SQL statement
        PL/pgSQL function private.crm_execute_contact_command(jsonb) line 99 at assignment
        PL/pgSQL function public.crm_submit_command(jsonb) line 5 at RETURN
        
      code: 'ERR_TEST_FAILURE'
      stack: |-
        file:///tmp/crm-m1-9dsvoqqk/tests/m1/harness/pg-session.mjs:62:44
        process.processTicksAndRejections (node:internal/process/task_queues:104:5)
        async PgSession.scalar (file:///tmp/crm-m1-9dsvoqqk/tests/m1/harness/pg-session.mjs:68:20)
        async PgSession.json (file:///tmp/crm-m1-9dsvoqqk/tests/m1/harness/pg-session.mjs:73:19)
        async file:///tmp/crm-m1-9dsvoqqk/tests/m1/contact-runtime.integration.test.mjs:813:38
        async TestContext.<anonymous> (file:///tmp/crm-m1-9dsvoqqk/tests/m1/contact-runtime.integration.test.mjs:203:11)
        async Test.run (node:internal/test_runner/test:1389:7)
        async TestContext.<anonymous> (file:///tmp/crm-m1-9dsvoqqk/tests/m1/contact-runtime.integration.test.mjs:810:5)
        async Test.run (node:internal/test_runner/test:1389:7)
        async startSubtestAfterBootstrap (node:internal/test_runner/harness:387:3)
      ...
    # Subtest: DB-B67: gate pause serializes with command and cannot broaden the DNC exception
    not ok 67 - DB-B67: gate pause serializes with command and cannot broaden the DNC exception
      ---
      duration_ms: 1380.12551
      type: 'test'
      location: '/tmp/crm-m1-9dsvoqqk/tests/m1/contact-runtime.integration.test.mjs:202:35'
      failureType: 'testCodeFailure'
      error: |-
        42501: ERROR:  permission denied for table crm_contact_runtime
        CONTEXT:  SQL statement "select *                from private.crm_contact_runtime where lead_id=p_lead for update"
        PL/pgSQL function private.crm_apply_contact_command(uuid,uuid) line 21 at SQL statement
        PL/pgSQL function private.crm_execute_contact_command(jsonb) line 99 at assignment
        PL/pgSQL function public.crm_submit_command(jsonb) line 5 at RETURN
        
      code: 'ERR_TEST_FAILURE'
      stack: |-
        file:///tmp/crm-m1-9dsvoqqk/tests/m1/harness/pg-session.mjs:62:44
        process.processTicksAndRejections (node:internal/process/task_queues:104:5)
        async PgSession.scalar (file:///tmp/crm-m1-9dsvoqqk/tests/m1/harness/pg-session.mjs:68:20)
        async PgSession.json (file:///tmp/crm-m1-9dsvoqqk/tests/m1/harness/pg-session.mjs:73:19)
        async actor (file:///tmp/crm-m1-9dsvoqqk/tests/m1/contact-runtime.integration.test.mjs:40:23)
        async file:///tmp/crm-m1-9dsvoqqk/tests/m1/contact-runtime.integration.test.mjs:825:162
        async TestContext.<anonymous> (file:///tmp/crm-m1-9dsvoqqk/tests/m1/contact-runtime.integration.test.mjs:203:11)
        async Test.run (node:internal/test_runner/test:1389:7)
        async TestContext.<anonymous> (file:///tmp/crm-m1-9dsvoqqk/tests/m1/contact-runtime.integration.test.mjs:819:5)
        async Test.run (node:internal/test_runner/test:1389:7)
      ...
    # Subtest: DB-B68: adoption fences old snapshots and direct legacy writers without inverse-lock bypass
    not ok 68 - DB-B68: adoption fences old snapshots and direct legacy writers without inverse-lock bypass
      ---
      duration_ms: 862.84077
      type: 'test'
      location: '/tmp/crm-m1-9dsvoqqk/tests/m1/contact-runtime.integration.test.mjs:202:35'
      failureType: 'testCodeFailure'
      error: |-
        42501: ERROR:  permission denied for function complete_contact_task
        
      code: 'ERR_TEST_FAILURE'
      stack: |-
        file:///tmp/crm-m1-9dsvoqqk/tests/m1/harness/pg-session.mjs:62:44
        process.processTicksAndRejections (node:internal/process/task_queues:104:5)
        async file:///tmp/crm-m1-9dsvoqqk/tests/m1/contact-runtime.integration.test.mjs:840:34
        async TestContext.<anonymous> (file:///tmp/crm-m1-9dsvoqqk/tests/m1/contact-runtime.integration.test.mjs:203:11)
        async Test.run (node:internal/test_runner/test:1389:7)
        async TestContext.<anonymous> (file:///tmp/crm-m1-9dsvoqqk/tests/m1/contact-runtime.integration.test.mjs:828:5)
        async Test.run (node:internal/test_runner/test:1389:7)
        async startSubtestAfterBootstrap (node:internal/test_runner/harness:387:3)
      ...
    # Subtest: DB-B69: opt-out versus agenda and Transfer stays monotonic and scoped to linked identity
    not ok 69 - DB-B69: opt-out versus agenda and Transfer stays monotonic and scoped to linked identity
      ---
      duration_ms: 1415.00139
      type: 'test'
      location: '/tmp/crm-m1-9dsvoqqk/tests/m1/contact-runtime.integration.test.mjs:202:35'
      failureType: 'testCodeFailure'
      error: |-
        42501: ERROR:  permission denied for table crm_contact_runtime
        CONTEXT:  SQL statement "select *                from private.crm_contact_runtime where lead_id=p_lead for update"
        PL/pgSQL function private.crm_apply_contact_command(uuid,uuid) line 21 at SQL statement
        PL/pgSQL function private.crm_execute_contact_command(jsonb) line 99 at assignment
        PL/pgSQL function public.crm_submit_command(jsonb) line 5 at RETURN
        
      code: 'ERR_TEST_FAILURE'
      stack: |-
        file:///tmp/crm-m1-9dsvoqqk/tests/m1/harness/pg-session.mjs:62:44
        process.processTicksAndRejections (node:internal/process/task_queues:104:5)
        async PgSession.scalar (file:///tmp/crm-m1-9dsvoqqk/tests/m1/harness/pg-session.mjs:68:20)
        async PgSession.json (file:///tmp/crm-m1-9dsvoqqk/tests/m1/harness/pg-session.mjs:73:19)
        async file:///tmp/crm-m1-9dsvoqqk/tests/m1/contact-runtime.integration.test.mjs:865:40
        async TestContext.<anonymous> (file:///tmp/crm-m1-9dsvoqqk/tests/m1/contact-runtime.integration.test.mjs:203:11)
        async Test.run (node:internal/test_runner/test:1389:7)
        async TestContext.<anonymous> (file:///tmp/crm-m1-9dsvoqqk/tests/m1/contact-runtime.integration.test.mjs:859:5)
        async Test.run (node:internal/test_runner/test:1389:7)
        async startSubtestAfterBootstrap (node:internal/test_runner/harness:387:3)
      ...
    # Subtest: DB-B70: concurrent supervisor decisions produce one credit/review revision
    not ok 70 - DB-B70: concurrent supervisor decisions produce one credit/review revision
      ---
      duration_ms: 2225.46556
      type: 'test'
      location: '/tmp/crm-m1-9dsvoqqk/tests/m1/contact-runtime.integration.test.mjs:202:35'
      failureType: 'testCodeFailure'
      error: |-
        42501: ERROR:  permission denied for table crm_contact_runtime
        CONTEXT:  SQL statement "select *                from private.crm_contact_runtime where lead_id=p_lead for update"
        PL/pgSQL function private.crm_apply_contact_command(uuid,uuid) line 21 at SQL statement
        PL/pgSQL function private.crm_execute_contact_command(jsonb) line 99 at assignment
        PL/pgSQL function public.crm_submit_command(jsonb) line 5 at RETURN
        
      code: 'ERR_TEST_FAILURE'
      stack: |-
        file:///tmp/crm-m1-9dsvoqqk/tests/m1/harness/pg-session.mjs:62:44
        process.processTicksAndRejections (node:internal/process/task_queues:104:5)
        async PgSession.scalar (file:///tmp/crm-m1-9dsvoqqk/tests/m1/harness/pg-session.mjs:68:20)
        async PgSession.json (file:///tmp/crm-m1-9dsvoqqk/tests/m1/harness/pg-session.mjs:73:19)
        async actor (file:///tmp/crm-m1-9dsvoqqk/tests/m1/contact-runtime.integration.test.mjs:40:23)
        async file:///tmp/crm-m1-9dsvoqqk/tests/m1/contact-runtime.integration.test.mjs:872:67
        async TestContext.<anonymous> (file:///tmp/crm-m1-9dsvoqqk/tests/m1/contact-runtime.integration.test.mjs:203:11)
        async Test.run (node:internal/test_runner/test:1389:7)
        async TestContext.<anonymous> (file:///tmp/crm-m1-9dsvoqqk/tests/m1/contact-runtime.integration.test.mjs:871:5)
        async Test.run (node:internal/test_runner/test:1389:7)
      ...
    # Subtest: DB-B71: failures after fact, credit and agenda roll back the complete command transaction
    not ok 71 - DB-B71: failures after fact, credit and agenda roll back the complete command transaction
      ---
      duration_ms: 562.75869
      type: 'test'
      location: '/tmp/crm-m1-9dsvoqqk/tests/m1/contact-runtime.integration.test.mjs:202:35'
      failureType: 'testCodeFailure'
      error: |-
        The input did not match the regular expression /SYNTHETIC_ATOMICITY_FAILURE/. Input:
        
        'Error: 42501: ERROR:  permission denied for table crm_contact_runtime\n' +
          'CONTEXT:  SQL statement "select *                from private.crm_contact_runtime where lead_id=p_lead for update"\n' +
          'PL/pgSQL function private.crm_apply_contact_command(uuid,uuid) line 21 at SQL statement\n' +
          'PL/pgSQL function private.crm_execute_contact_command(jsonb) line 99 at assignment\n' +
          'PL/pgSQL function public.crm_submit_command(jsonb) line 5 at RETURN\n'
        
      code: 'ERR_ASSERTION'
      name: 'AssertionError'
      expected:
      actual:
      error: |-
        42501: ERROR:  permission denied for table crm_contact_runtime
        CONTEXT:  SQL statement "select *                from private.crm_contact_runtime where lead_id=p_lead for update"
        PL/pgSQL function private.crm_apply_contact_command(uuid,uuid) line 21 at SQL statement
        PL/pgSQL function private.crm_execute_contact_command(jsonb) line 99 at assignment
        PL/pgSQL function public.crm_submit_command(jsonb) line 5 at RETURN
        
      stack: |-
        file:///tmp/crm-m1-9dsvoqqk/tests/m1/harness/pg-session.mjs:62:44
        process.processTicksAndRejections (node:internal/process/task_queues:104:5)
        async PgSession.scalar (file:///tmp/crm-m1-9dsvoqqk/tests/m1/harness/pg-session.mjs:68:20)
        async PgSession.json (file:///tmp/crm-m1-9dsvoqqk/tests/m1/harness/pg-session.mjs:73:19)
        async actor (file:///tmp/crm-m1-9dsvoqqk/tests/m1/contact-runtime.integration.test.mjs:40:23)
        async waitForActual (node:assert:646:5)
        async strict.rejects (node:assert:769:25)
        async file:///tmp/crm-m1-9dsvoqqk/tests/m1/contact-runtime.integration.test.mjs:887:13
        async TestContext.<anonymous> (file:///tmp/crm-m1-9dsvoqqk/tests/m1/contact-runtime.integration.test.mjs:203:11)
        async Test.run (node:internal/test_runner/test:1389:7)
      operator: 'rejects'
      stack: |-
        process.processTicksAndRejections (node:internal/process/task_queues:104:5)
        async file:///tmp/crm-m1-9dsvoqqk/tests/m1/contact-runtime.integration.test.mjs:887:13
        async TestContext.<anonymous> (file:///tmp/crm-m1-9dsvoqqk/tests/m1/contact-runtime.integration.test.mjs:203:11)
        async Test.run (node:internal/test_runner/test:1389:7)
        async TestContext.<anonymous> (file:///tmp/crm-m1-9dsvoqqk/tests/m1/contact-runtime.integration.test.mjs:881:5)
        async Test.run (node:internal/test_runner/test:1389:7)
        async startSubtestAfterBootstrap (node:internal/test_runner/harness:387:3)
      ...
    # Subtest: DB-B72: backend termination before commit leaves zero partial effects and same intent retries
    not ok 72 - DB-B72: backend termination before commit leaves zero partial effects and same intent retries
      ---
      duration_ms: 1124.30386
      type: 'test'
      location: '/tmp/crm-m1-9dsvoqqk/tests/m1/contact-runtime.integration.test.mjs:202:35'
      failureType: 'testCodeFailure'
      error: |-
        42501: ERROR:  permission denied for table crm_contact_runtime
        CONTEXT:  SQL statement "select *                from private.crm_contact_runtime where lead_id=p_lead for update"
        PL/pgSQL function private.crm_apply_contact_command(uuid,uuid) line 21 at SQL statement
        PL/pgSQL function private.crm_execute_contact_command(jsonb) line 99 at assignment
        PL/pgSQL function public.crm_submit_command(jsonb) line 5 at RETURN
        
      code: 'ERR_TEST_FAILURE'
      stack: |-
        file:///tmp/crm-m1-9dsvoqqk/tests/m1/harness/pg-session.mjs:62:44
        process.processTicksAndRejections (node:internal/process/task_queues:104:5)
        async PgSession.scalar (file:///tmp/crm-m1-9dsvoqqk/tests/m1/harness/pg-session.mjs:68:20)
        async PgSession.json (file:///tmp/crm-m1-9dsvoqqk/tests/m1/harness/pg-session.mjs:73:19)
        async file:///tmp/crm-m1-9dsvoqqk/tests/m1/contact-runtime.integration.test.mjs:894:41
        async TestContext.<anonymous> (file:///tmp/crm-m1-9dsvoqqk/tests/m1/contact-runtime.integration.test.mjs:203:11)
        async Test.run (node:internal/test_runner/test:1389:7)
        async TestContext.<anonymous> (file:///tmp/crm-m1-9dsvoqqk/tests/m1/contact-runtime.integration.test.mjs:892:5)
        async Test.run (node:internal/test_runner/test:1389:7)
        async startSubtestAfterBootstrap (node:internal/test_runner/harness:387:3)
      ...
    # Subtest: DB-B73: commit with lost response is recovered exactly without duplicate timestamps or work
    not ok 73 - DB-B73: commit with lost response is recovered exactly without duplicate timestamps or work
      ---
      duration_ms: 1108.09401
      type: 'test'
      location: '/tmp/crm-m1-9dsvoqqk/tests/m1/contact-runtime.integration.test.mjs:202:35'
      failureType: 'testCodeFailure'
      error: |-
        42501: ERROR:  permission denied for table crm_contact_runtime
        CONTEXT:  SQL statement "select *                from private.crm_contact_runtime where lead_id=p_lead for update"
        PL/pgSQL function private.crm_apply_contact_command(uuid,uuid) line 21 at SQL statement
        PL/pgSQL function private.crm_execute_contact_command(jsonb) line 99 at assignment
        PL/pgSQL function public.crm_submit_command(jsonb) line 5 at RETURN
        
      code: 'ERR_TEST_FAILURE'
      stack: |-
        file:///tmp/crm-m1-9dsvoqqk/tests/m1/harness/pg-session.mjs:62:44
        process.processTicksAndRejections (node:internal/process/task_queues:104:5)
        async PgSession.scalar (file:///tmp/crm-m1-9dsvoqqk/tests/m1/harness/pg-session.mjs:68:20)
        async PgSession.json (file:///tmp/crm-m1-9dsvoqqk/tests/m1/harness/pg-session.mjs:73:19)
        async file:///tmp/crm-m1-9dsvoqqk/tests/m1/contact-runtime.integration.test.mjs:901:44
        async TestContext.<anonymous> (file:///tmp/crm-m1-9dsvoqqk/tests/m1/contact-runtime.integration.test.mjs:203:11)
        async Test.run (node:internal/test_runner/test:1389:7)
        async TestContext.<anonymous> (file:///tmp/crm-m1-9dsvoqqk/tests/m1/contact-runtime.integration.test.mjs:899:5)
        async Test.run (node:internal/test_runner/test:1389:7)
        async startSubtestAfterBootstrap (node:internal/test_runner/harness:387:3)
      ...
    # Subtest: DB-B74: real 55P03, 40001 and deadlock rollback never create a duplicate intention
    not ok 74 - DB-B74: real 55P03, 40001 and deadlock rollback never create a duplicate intention
      ---
      duration_ms: 1354.44654
      type: 'test'
      location: '/tmp/crm-m1-9dsvoqqk/tests/m1/contact-runtime.integration.test.mjs:202:35'
      failureType: 'testCodeFailure'
      error: |-
        42501: ERROR:  permission denied for table crm_contact_runtime
        CONTEXT:  SQL statement "select *                from private.crm_contact_runtime where lead_id=p_lead for update"
        PL/pgSQL function private.crm_apply_contact_command(uuid,uuid) line 21 at SQL statement
        PL/pgSQL function private.crm_execute_contact_command(jsonb) line 99 at assignment
        PL/pgSQL function public.crm_submit_command(jsonb) line 5 at RETURN
        
      code: 'ERR_TEST_FAILURE'
      stack: |-
        file:///tmp/crm-m1-9dsvoqqk/tests/m1/harness/pg-session.mjs:62:44
        process.processTicksAndRejections (node:internal/process/task_queues:104:5)
        async PgSession.scalar (file:///tmp/crm-m1-9dsvoqqk/tests/m1/harness/pg-session.mjs:68:20)
        async PgSession.json (file:///tmp/crm-m1-9dsvoqqk/tests/m1/harness/pg-session.mjs:73:19)
        async actor (file:///tmp/crm-m1-9dsvoqqk/tests/m1/contact-runtime.integration.test.mjs:40:23)
        async file:///tmp/crm-m1-9dsvoqqk/tests/m1/contact-runtime.integration.test.mjs:911:63
        async TestContext.<anonymous> (file:///tmp/crm-m1-9dsvoqqk/tests/m1/contact-runtime.integration.test.mjs:203:11)
        async Test.run (node:internal/test_runner/test:1389:7)
        async TestContext.<anonymous> (file:///tmp/crm-m1-9dsvoqqk/tests/m1/contact-runtime.integration.test.mjs:906:5)
        async Test.run (node:internal/test_runner/test:1389:7)
      ...
    # Subtest: DB-B75: projection/helper failure cannot leak a live evaluating capability into session
    not ok 75 - DB-B75: projection/helper failure cannot leak a live evaluating capability into session
      ---
      duration_ms: 367.43024
      type: 'test'
      location: '/tmp/crm-m1-9dsvoqqk/tests/m1/contact-runtime.integration.test.mjs:202:35'
      failureType: 'testCodeFailure'
      error: |-
        The input did not match the regular expression /SYNTHETIC_ATOMICITY_FAILURE/. Input:
        
        'Error: 42501: ERROR:  permission denied for table crm_contact_runtime\n' +
          'CONTEXT:  SQL statement "select *                from private.crm_contact_runtime where lead_id=p_lead for update"\n' +
          'PL/pgSQL function private.crm_apply_contact_command(uuid,uuid) line 21 at SQL statement\n' +
          'PL/pgSQL function private.crm_execute_contact_command(jsonb) line 99 at assignment\n' +
          'PL/pgSQL function public.crm_submit_command(jsonb) line 5 at RETURN\n'
        
      code: 'ERR_ASSERTION'
      name: 'AssertionError'
      expected:
      actual:
      error: |-
        42501: ERROR:  permission denied for table crm_contact_runtime
        CONTEXT:  SQL statement "select *                from private.crm_contact_runtime where lead_id=p_lead for update"
        PL/pgSQL function private.crm_apply_contact_command(uuid,uuid) line 21 at SQL statement
        PL/pgSQL function private.crm_execute_contact_command(jsonb) line 99 at assignment
        PL/pgSQL function public.crm_submit_command(jsonb) line 5 at RETURN
        
      stack: |-
        file:///tmp/crm-m1-9dsvoqqk/tests/m1/harness/pg-session.mjs:62:44
        process.processTicksAndRejections (node:internal/process/task_queues:104:5)
        async PgSession.scalar (file:///tmp/crm-m1-9dsvoqqk/tests/m1/harness/pg-session.mjs:68:20)
        async PgSession.json (file:///tmp/crm-m1-9dsvoqqk/tests/m1/harness/pg-session.mjs:73:19)
        async actor (file:///tmp/crm-m1-9dsvoqqk/tests/m1/contact-runtime.integration.test.mjs:40:23)
        async waitForActual (node:assert:646:5)
        async strict.rejects (node:assert:769:25)
        async file:///tmp/crm-m1-9dsvoqqk/tests/m1/contact-runtime.integration.test.mjs:934:11
        async TestContext.<anonymous> (file:///tmp/crm-m1-9dsvoqqk/tests/m1/contact-runtime.integration.test.mjs:203:11)
        async Test.run (node:internal/test_runner/test:1389:7)
      operator: 'rejects'
      stack: |-
        process.processTicksAndRejections (node:internal/process/task_queues:104:5)
        async file:///tmp/crm-m1-9dsvoqqk/tests/m1/contact-runtime.integration.test.mjs:934:11
        async TestContext.<anonymous> (file:///tmp/crm-m1-9dsvoqqk/tests/m1/contact-runtime.integration.test.mjs:203:11)
        async Test.run (node:internal/test_runner/test:1389:7)
        async TestContext.<anonymous> (file:///tmp/crm-m1-9dsvoqqk/tests/m1/contact-runtime.integration.test.mjs:931:5)
        async Test.run (node:internal/test_runner/test:1389:7)
        async startSubtestAfterBootstrap (node:internal/test_runner/harness:387:3)
      ...
    # Subtest: DB-B76: version exhaustion, missing references and uniqueness fail without mutilating history
    not ok 76 - DB-B76: version exhaustion, missing references and uniqueness fail without mutilating history
      ---
      duration_ms: 677.22149
      type: 'test'
      location: '/tmp/crm-m1-9dsvoqqk/tests/m1/contact-runtime.integration.test.mjs:202:35'
      failureType: 'testCodeFailure'
      error: |-
        42501: ERROR:  permission denied for table crm_contact_runtime
        CONTEXT:  SQL statement "select *                from private.crm_contact_runtime where lead_id=p_lead for update"
        PL/pgSQL function private.crm_apply_contact_command(uuid,uuid) line 21 at SQL statement
        PL/pgSQL function private.crm_execute_contact_command(jsonb) line 99 at assignment
        PL/pgSQL function public.crm_submit_command(jsonb) line 5 at RETURN
        
      code: 'ERR_TEST_FAILURE'
      stack: |-
        file:///tmp/crm-m1-9dsvoqqk/tests/m1/harness/pg-session.mjs:62:44
        process.processTicksAndRejections (node:internal/process/task_queues:104:5)
        async PgSession.scalar (file:///tmp/crm-m1-9dsvoqqk/tests/m1/harness/pg-session.mjs:68:20)
        async PgSession.json (file:///tmp/crm-m1-9dsvoqqk/tests/m1/harness/pg-session.mjs:73:19)
        async actor (file:///tmp/crm-m1-9dsvoqqk/tests/m1/contact-runtime.integration.test.mjs:40:23)
        async file:///tmp/crm-m1-9dsvoqqk/tests/m1/contact-runtime.integration.test.mjs:942:115
        async TestContext.<anonymous> (file:///tmp/crm-m1-9dsvoqqk/tests/m1/contact-runtime.integration.test.mjs:203:11)
        async Test.run (node:internal/test_runner/test:1389:7)
        async TestContext.<anonymous> (file:///tmp/crm-m1-9dsvoqqk/tests/m1/contact-runtime.integration.test.mjs:939:5)
        async Test.run (node:internal/test_runner/test:1389:7)
      ...
    # Subtest: DB-B77: event replay reconstructs disposable projections without invoking commands or legacy effects
    not ok 77 - DB-B77: event replay reconstructs disposable projections without invoking commands or legacy effects
      ---
      duration_ms: 329.00832
      type: 'test'
      location: '/tmp/crm-m1-9dsvoqqk/tests/m1/contact-runtime.integration.test.mjs:202:35'
      failureType: 'testCodeFailure'
      error: |-
        42501: ERROR:  permission denied for table crm_contact_runtime
        CONTEXT:  SQL statement "select *                from private.crm_contact_runtime where lead_id=p_lead for update"
        PL/pgSQL function private.crm_apply_contact_command(uuid,uuid) line 21 at SQL statement
        PL/pgSQL function private.crm_execute_contact_command(jsonb) line 99 at assignment
        PL/pgSQL function public.crm_submit_command(jsonb) line 5 at RETURN
        
      code: 'ERR_TEST_FAILURE'
      stack: |-
        file:///tmp/crm-m1-9dsvoqqk/tests/m1/harness/pg-session.mjs:62:44
        process.processTicksAndRejections (node:internal/process/task_queues:104:5)
        async PgSession.scalar (file:///tmp/crm-m1-9dsvoqqk/tests/m1/harness/pg-session.mjs:68:20)
        async PgSession.json (file:///tmp/crm-m1-9dsvoqqk/tests/m1/harness/pg-session.mjs:73:19)
        async actor (file:///tmp/crm-m1-9dsvoqqk/tests/m1/contact-runtime.integration.test.mjs:40:23)
        async file:///tmp/crm-m1-9dsvoqqk/tests/m1/contact-runtime.integration.test.mjs:946:73
        async TestContext.<anonymous> (file:///tmp/crm-m1-9dsvoqqk/tests/m1/contact-runtime.integration.test.mjs:203:11)
        async Test.run (node:internal/test_runner/test:1389:7)
        async TestContext.<anonymous> (file:///tmp/crm-m1-9dsvoqqk/tests/m1/contact-runtime.integration.test.mjs:945:5)
        async Test.run (node:internal/test_runner/test:1389:7)
      ...
    # Subtest: DB-B78: compatible technical pause retains adoption/fences/epochs/history and seller channel denial
    not ok 78 - DB-B78: compatible technical pause retains adoption/fences/epochs/history and seller channel denial
      ---
      duration_ms: 325.3216
      type: 'test'
      location: '/tmp/crm-m1-9dsvoqqk/tests/m1/contact-runtime.integration.test.mjs:202:35'
      failureType: 'testCodeFailure'
      error: |-
        42501: ERROR:  permission denied for table crm_contact_runtime
        CONTEXT:  SQL statement "select *                from private.crm_contact_runtime where lead_id=p_lead for update"
        PL/pgSQL function private.crm_apply_contact_command(uuid,uuid) line 21 at SQL statement
        PL/pgSQL function private.crm_execute_contact_command(jsonb) line 99 at assignment
        PL/pgSQL function public.crm_submit_command(jsonb) line 5 at RETURN
        
      code: 'ERR_TEST_FAILURE'
      stack: |-
        file:///tmp/crm-m1-9dsvoqqk/tests/m1/harness/pg-session.mjs:62:44
        process.processTicksAndRejections (node:internal/process/task_queues:104:5)
        async PgSession.scalar (file:///tmp/crm-m1-9dsvoqqk/tests/m1/harness/pg-session.mjs:68:20)
        async PgSession.json (file:///tmp/crm-m1-9dsvoqqk/tests/m1/harness/pg-session.mjs:73:19)
        async actor (file:///tmp/crm-m1-9dsvoqqk/tests/m1/contact-runtime.integration.test.mjs:40:23)
        async file:///tmp/crm-m1-9dsvoqqk/tests/m1/contact-runtime.integration.test.mjs:967:64
        async TestContext.<anonymous> (file:///tmp/crm-m1-9dsvoqqk/tests/m1/contact-runtime.integration.test.mjs:203:11)
        async Test.run (node:internal/test_runner/test:1389:7)
        async TestContext.<anonymous> (file:///tmp/crm-m1-9dsvoqqk/tests/m1/contact-runtime.integration.test.mjs:966:5)
        async Test.run (node:internal/test_runner/test:1389:7)
      ...
    # Subtest: DB-B79: Assignment regression boundary remains valid with B installed
    ok 79 - DB-B79: Assignment regression boundary remains valid with B installed
      ---
      duration_ms: 794.32032
      type: 'test'
      ...
    # Subtest: DB-B80: foundation history/closed purposes and private privileges remain protected after B
    not ok 80 - DB-B80: foundation history/closed purposes and private privileges remain protected after B
      ---
      duration_ms: 312.83714
      type: 'test'
      location: '/tmp/crm-m1-9dsvoqqk/tests/m1/contact-runtime.integration.test.mjs:202:35'
      failureType: 'testCodeFailure'
      error: |-
        42501: ERROR:  permission denied for table crm_contact_runtime
        CONTEXT:  SQL statement "select *                from private.crm_contact_runtime where lead_id=p_lead for update"
        PL/pgSQL function private.crm_apply_contact_command(uuid,uuid) line 21 at SQL statement
        PL/pgSQL function private.crm_execute_contact_command(jsonb) line 99 at assignment
        PL/pgSQL function public.crm_submit_command(jsonb) line 5 at RETURN
        
      code: 'ERR_TEST_FAILURE'
      stack: |-
        file:///tmp/crm-m1-9dsvoqqk/tests/m1/harness/pg-session.mjs:62:44
        process.processTicksAndRejections (node:internal/process/task_queues:104:5)
        async PgSession.scalar (file:///tmp/crm-m1-9dsvoqqk/tests/m1/harness/pg-session.mjs:68:20)
        async PgSession.json (file:///tmp/crm-m1-9dsvoqqk/tests/m1/harness/pg-session.mjs:73:19)
        async actor (file:///tmp/crm-m1-9dsvoqqk/tests/m1/contact-runtime.integration.test.mjs:40:23)
        async file:///tmp/crm-m1-9dsvoqqk/tests/m1/contact-runtime.integration.test.mjs:988:110
        async TestContext.<anonymous> (file:///tmp/crm-m1-9dsvoqqk/tests/m1/contact-runtime.integration.test.mjs:203:11)
        async Test.run (node:internal/test_runner/test:1389:7)
        async TestContext.<anonymous> (file:///tmp/crm-m1-9dsvoqqk/tests/m1/contact-runtime.integration.test.mjs:987:5)
        async Test.run (node:internal/test_runner/test:1389:7)
      ...
    1..80
not ok 1 - M1-04B: 80 PostgreSQL acceptance scenarios, isolated synthetic data only
  ---
  duration_ms: 54207.67348
  type: 'test'
  location: '/tmp/crm-m1-9dsvoqqk/tests/m1/contact-runtime.integration.test.mjs:196:1'
  failureType: 'subtestsFailed'
  error: '62 subtests failed'
  code: 'ERR_TEST_FAILURE'
  ...
# {"file":"20260918160432_m1_contact_runtime_foundation.sql","sha256":"086dc957893397919add0c44f3efaa0d016ba22ecbb7db4d985725ac1d4bd341"}
# {"file":"20260918160433_m1_contact_legacy_fences.sql","sha256":"66f0b7fdaa83dee807ee3c3644aa5d6d399e9c96dd0bb7d13844a24d4c812391"}
# {"file":"20260918160434_m1_contact_commands.sql","sha256":"8e6b1ea553d987e63619acac83ae90bcbbd1ed2c648ee96d64394e449c5032cd"}
# Original146 DB IDs executed separately; this scenario is a post-B authority assertion, not a duplicate count.
